"id","username","passwordHash","email","role","firstName","lastName","contactNumber","address","department","isAccountVerified","createdAt","updatedAt"
"59c044f9-fd9c-4a06-ada9-e0a5ce7a24b1","registry15","$2b$10$jivMnz.IQIdlfMM7VE1sP.i50LqeNL9BclT7XqAlE7d7.0ngYD2ma","registry15@example.com","Registry","Mittie","Aufderhar",NULL,NULL,"Home",True,"2025-07-01 10:54:55.301+01","2025-07-01 10:54:55.301+01"
"5b778a1b-4d1b-47ca-89f0-d42b3c969bb2","registry16","$2b$10$qCdqx7SYhH8s/W.5jiaML.ajxqoOnHBqVIVlQomVhQghcKK2RAWWW","registry16@example.com","Registry","Amie","Lind",NULL,NULL,"Movies",True,"2025-07-01 10:54:55.374+01","2025-07-01 10:54:55.374+01"
"9713187c-3fb0-40ea-a67d-183725306722","registry17","$2b$10$CCUBLy0Gi2Ts4SvCj.FIC.GMD/hzAFw8xo/F/ApWtdtgp7fGhuYFm","registry17@example.com","Registry","Emiliano","Haag",NULL,NULL,"Tools",True,"2025-07-01 10:54:55.44+01","2025-07-01 10:54:55.44+01"
"f6fa4fbc-84c6-4288-905c-919fb256d439","registry18","$2b$10$CaGV6l0YBwQF6hdjLBOLpuyGxNFPEb3E9GmEOfm.522BKJpubkomW","registry18@example.com","Registry","Cielo","Kris",NULL,NULL,"Outdoors",True,"2025-07-01 10:54:55.507+01","2025-07-01 10:54:55.507+01"
"fe664457-1859-4f6d-9697-bb46925d6ee4","registry19","$2b$10$XKMvtrvQYgm5.sVtfAp3pOfKhx54VhYlUk5cE6tK8LqZdRwBWOjXm","registry19@example.com","Registry","Roberto","Gerhold",NULL,NULL,"Garden",True,"2025-07-01 10:54:55.582+01","2025-07-01 10:54:55.582+01"
"6ac50ec1-7469-4cd7-a38d-8ba1dbcf8768","landlord0","$2b$10$t63PaSvvn/h43n8ZeTFBsuN6nXfUpHWEoz.Vi6PcxqW9AKzGcQENe","landlord0@example.com","Landlord","Russell","Rowe","(287) 319-0974","73197 Bashirian Roads",NULL,True,"2025-07-01 10:54:55.653+01","2025-07-01 10:54:55.653+01"
"b7628daa-c2e7-4855-bdc8-6e8e0e2ac1a4","landlord1","$2b$10$ZRpzuxk6nNhrqZIXnq9zVeRz7JSyWtO2jWjHk8CEo1njLSDKcLkZ6","landlord1@example.com","Landlord","Sherman","Dickens","1-363-270-4996 x336","27207 Stroman Extensions",NULL,True,"2025-07-01 10:54:55.719+01","2025-07-01 10:54:55.719+01"
"3ce1ec08-c172-4571-9a83-964a24aa3ade","landlord2","$2b$10$0mNBYqqZqAECQHJwRZUUc.oLkWeNMPfkNvEcUfRalCJkcTjSOGQCW","landlord2@example.com","Landlord","Renee","Lehner","(480) 550-6546","9932 Ryder Forges",NULL,True,"2025-07-01 10:54:55.786+01","2025-07-01 10:54:55.786+01"
"99e50942-3481-49b7-b927-52ae16fd44fb","landlord3","$2b$10$JZZWTgyQkpBKEvTfhlJc3ujgOlQHvI0MgzHnkt0.rOK3/0u7LkMCq","landlord3@example.com","Landlord","Katrine","Gleichner","486-656-2428 x4416","783 Wolf Ridges",NULL,True,"2025-07-01 10:54:55.854+01","2025-07-01 10:54:55.854+01"
"dc52abc5-dcbc-46f2-8769-ca850981d5c0","landlord4","$2b$10$MXNJsNwNLEaFiWnw//pWMOmDfTUXa.TRjrVfzYaUtdld4vKis6a5i","landlord4@example.com","Landlord","Haleigh","Reichert","(918) 325-4431","84579 Wayne Ford",NULL,True,"2025-07-01 10:54:55.92+01","2025-07-01 10:54:55.92+01"
"00fb6ac7-33ca-49d6-acd6-11bc63df63cf","landlord5","$2b$10$VLqiZ40mkW3Y17HN14nlQ.1PyT45gTwhEv3X40wrpzT..l6Oasui2","landlord5@example.com","Landlord","Caleb","Wolf","632-275-4576 x664","94014 Morissette Station",NULL,True,"2025-07-01 10:54:55.986+01","2025-07-01 10:54:55.986+01"
"ae4c6d31-2b85-4a6b-83cc-2745798ee457","landlord6","$2b$10$DYv8d7kJkHWfKONzlv8rkOaU7xTNHw8qcLgdgE9kG/muLMSklK0Dq","landlord6@example.com","Landlord","Nora","Rogahn","980.375.2288 x794","3427 Sophie Forest",NULL,True,"2025-07-01 10:54:56.053+01","2025-07-01 10:54:56.053+01"
"55aec82b-b243-45ff-8f51-bb90e1192a96","landlord7","$2b$10$Mgr4Sk/EBF2Iwlvsnr5YDeRXuu9LAp3h8bV/qwr42SSpCKRA1gqH2","landlord7@example.com","Landlord","Micheal","Bruen","298-650-4010 x87073","1111 Cronin Gateway",NULL,True,"2025-07-01 10:54:56.119+01","2025-07-01 10:54:56.119+01"
"0cee2bad-7c24-4566-bb88-1f4891946aa7","landlord8","$2b$10$q1XLgmmI1GLPdl0C2i5Mq.JRZY02M19LwAj2OGyQyFNx1k5QyU5/K","landlord8@example.com","Landlord","Ruthe","Johnston","754-223-2094 x59535","71835 Meghan Village",NULL,True,"2025-07-01 10:54:56.19+01","2025-07-01 10:54:56.19+01"
"014e362d-273a-42bd-bfb6-f452a24c43f3","landlord9","$2b$10$cKznKli/UF16Wp6QdL.edessyRNmENtctGnRy.zCpaMSrZOASdWDq","landlord9@example.com","Landlord","Albin","Tillman","587-599-6413","7723 Runte Circle",NULL,True,"2025-07-01 10:54:56.266+01","2025-07-01 10:54:56.266+01"
"2eefad62-a52b-4ba1-9dd1-1a3a39842f50","landlord10","$2b$10$opjtvkKf6nH6FWAvc/T.muZLefiVnsVeQN/w7n6K1S5spcRsTxITq","landlord10@example.com","Landlord","Alfonso","Price","(735) 975-0378 x403","088 Liliana Prairie",NULL,True,"2025-07-01 10:54:56.342+01","2025-07-01 10:54:56.342+01"
"2a00b02b-fa71-49c6-b1d9-dda5ffcd9ab6","landlord11","$2b$10$Frw2oSIY0jN.1s99C6aEG.1bneTOvEcwO9Gn.QJFp3gLYHhF2zjqS","landlord11@example.com","Landlord","Desiree","Schmeler","378-717-7335","29429 Emmerich Turnpike",NULL,True,"2025-07-01 10:54:56.417+01","2025-07-01 10:54:56.417+01"
"b3768d94-657a-4695-ab2e-b5a93103d41a","landlord12","$2b$10$rBW2sHgNU1nyucfConvLI.yZ3soX5bx2t4pesBCaVCaCe5SF29sIa","landlord12@example.com","Landlord","Maymie","Davis","704-713-6085 x544","939 Pacocha Club",NULL,True,"2025-07-01 10:54:56.487+01","2025-07-01 10:54:56.487+01"
"d77306d3-8026-4e9d-9eab-a23f297a0bef","landlord13","$2b$10$/dKWefvLKuJp9ICKN7d5seUYm.twJ0KpkOngtv2GoNPN9lSDQqOFO","landlord13@example.com","Landlord","Ernest","Schaden","1-671-664-5686 x612","156 Prohaska Inlet",NULL,True,"2025-07-01 10:54:56.562+01","2025-07-01 10:54:56.562+01"
"fcd27974-c3b7-4b56-a8df-f5d331205729","landlord14","$2b$10$MYJLxOJdOmN/CvSihh1mBeckAJOtGaEP8zTV3SAXapcWhLFWKswJG","landlord14@example.com","Landlord","Bridget","Heidenreich","559.646.6402 x1681","89724 Bernier Stravenue",NULL,True,"2025-07-01 10:54:56.632+01","2025-07-01 10:54:56.632+01"
"fc4d362e-d631-4172-afd6-510695d9d42c","landlord15","$2b$10$RMN7J1zQQWxpjsdsgv9Rw.nLYIaoEvFNZPniwuc4WT8JU.SqAn6.O","landlord15@example.com","Landlord","Ramiro","Leuschke","(612) 590-5858","672 Moore Branch",NULL,True,"2025-07-01 10:54:56.718+01","2025-07-01 10:54:56.718+01"
"4e38b3ad-097c-434e-977d-e93704383918","landlord16","$2b$10$rp86Z/SRn1kOlzgcwsqxceKW9v8lXmSeFFvaj7AFAob4cadIXa82u","landlord16@example.com","Landlord","Quincy","Abernathy","(376) 367-3651","64381 Kunde Center",NULL,True,"2025-07-01 10:54:56.797+01","2025-07-01 10:54:56.797+01"
"a2f2f327-da25-468a-bf0a-ee40a44ab4c5","landlord17","$2b$10$gk1d8ABeC27j3B3W/BhEcOC7VSRlg9iqxc.S7Ik4D8E/U0WptqmLi","landlord17@example.com","Landlord","Miles","Jones","539.293.9753 x7944","44846 Hayes Divide",NULL,True,"2025-07-01 10:54:56.876+01","2025-07-01 10:54:56.876+01"
"ba062cf4-af08-45b7-8a42-a71adaa432c9","landlord18","$2b$10$Wmkb40DKGJmaJyd4Yj35hu33AVNCjkb4tWocFfH/EoQQ2vJU2Mn52","landlord18@example.com","Landlord","Kevin","Fay","549.626.4622 x70600","16010 Harber Drive",NULL,True,"2025-07-01 10:54:56.949+01","2025-07-01 10:54:56.949+01"
"b7cd9561-8546-4e3d-aa2f-8472dcce260b","landlord19","$2b$10$yFPrsTEvPfybDQnaQFpgTezVmYnXl8qdOA6VAVofGZtHlHPBjYbAG","landlord19@example.com","Landlord","Domenic","Langosh","1-637-476-1857","82964 Hester Pass",NULL,True,"2025-07-01 10:54:57.023+01","2025-07-01 10:54:57.023+01"
"cab2602b-287a-4b56-9e06-0fed28446508","landlord20","$2b$10$BnQUABW7YJ8eP1SyCAilVe.1XC38M4Id4nysEf8dLPuiy114qgX6q","landlord20@example.com","Landlord","Mateo","Pouros","(444) 830-4221","5762 Waters Point",NULL,True,"2025-07-01 10:54:57.095+01","2025-07-01 10:54:57.095+01"
"ca6929ea-888c-43a1-8d5a-f56460df3bec","landlord21","$2b$10$KFH4NO8wxlNpP/HkdcwNse1MsTlrlc7UxQ7IxjE.DXQuCrFR4BcUO","landlord21@example.com","Landlord","Eulah","Schmidt","768.710.0002","622 Corkery Tunnel",NULL,True,"2025-07-01 10:54:57.171+01","2025-07-01 10:54:57.171+01"
"6f20209a-98c4-4c8b-8738-3553a195eea6","landlord22","$2b$10$NvsgXpgK5fVaAfxf4T/WJOIycwxgnTRQzv9ftOiaOT/Ll4hevSi5q","landlord22@example.com","Landlord","Gilbert","Hilpert","654.693.9051","9077 Betty Causeway",NULL,True,"2025-07-01 10:54:57.251+01","2025-07-01 10:54:57.251+01"
"de5b7f94-2b65-417d-a09d-5da14f14336d","landlord23","$2b$10$w87R8szTsUikzb0HbkRazuiCsn.bEu16n59X6cYKzXkS9NmigcsMi","landlord23@example.com","Landlord","Quentin","Tromp","1-629-263-2168","84661 Kenton Ramp",NULL,True,"2025-07-01 10:54:57.32+01","2025-07-01 10:54:57.32+01"
"dd249842-5a59-4dae-9936-9ec177af67b3","landlord24","$2b$10$ESKJv7M31ue58iSAd53EnueiSsiwC03hl24v9VeLyNKtMPpiOwD1.","landlord24@example.com","Landlord","Vesta","Wuckert","(634) 507-3459 x979","502 Lindgren Falls",NULL,True,"2025-07-01 10:54:57.39+01","2025-07-01 10:54:57.39+01"
"fd15a1bd-cdf4-45c9-8229-beaac4ef491f","landlord25","$2b$10$3mp1pTR6gB3kTOh9Ln/N4OPhlUgS0r5tdh6XbY6mK3JkVipdb.hge","landlord25@example.com","Landlord","Merle","Grimes","1-947-711-3528 x4417","501 Paxton Spurs",NULL,True,"2025-07-01 10:54:57.458+01","2025-07-01 10:54:57.458+01"
"82345839-bc6b-4feb-afd5-20f58832d6f5","landlord26","$2b$10$AVAoLDLHW1d/3cYysQkUE.wMtWm5py2S/V8YkS9t4IkqJuNFuQu8K","landlord26@example.com","Landlord","Quentin","Erdman","(799) 334-9610 x1549","4218 Cummerata Branch",NULL,True,"2025-07-01 10:54:57.538+01","2025-07-01 10:54:57.538+01"
"146a9fef-0aba-402a-8f5f-87c46759847f","landlord27","$2b$10$fCsokTyD7HEqXohwNSJlGucnkGxRICrG5plC/YSS4wOUWS0FfF7ZO","landlord27@example.com","Landlord","Yasmine","Hermann","(742) 368-1845 x504","663 Candelario Drive",NULL,True,"2025-07-01 10:54:57.606+01","2025-07-01 10:54:57.606+01"
"1049f7c5-c304-4e6e-b1c0-ddb61878c074","landlord28","$2b$10$6Kq1wQesdkaGUlHuaGNufezLXcank2vEZe3fisv.H3NkJEg1iDt3W","landlord28@example.com","Landlord","Tod","Wuckert","428-624-4007 x38372","2395 Daniel Bridge",NULL,True,"2025-07-01 10:54:57.672+01","2025-07-01 10:54:57.672+01"
"f318a311-7ed9-4477-a783-c47af8393d1a","landlord29","$2b$10$MyhE9mfCNZlJSyPJ8RHShuqhT9FNx4kFkyxm2kzRSQoLyoq9k6aea","landlord29@example.com","Landlord","Caden","Lynch","227.646.1536 x9958","36037 Conroy Hill",NULL,True,"2025-07-01 10:54:57.741+01","2025-07-01 10:54:57.741+01"
"be47a32c-31c1-406a-bc1d-429623b9825e","landlord30","$2b$10$8eGGN9/TXBFsHpj0OQlWC.5.X1zBRQNQQvQRjiQL1wRzxCmCn3l/u","landlord30@example.com","Landlord","Guillermo","Cartwright","1-602-491-4648 x18701","843 Grant Oval",NULL,True,"2025-07-01 10:54:57.808+01","2025-07-01 10:54:57.808+01"
"085280c2-438e-483f-8ff9-fd17941aaef0","landlord31","$2b$10$0wn8zMp/TIdglbZAoFGeQOxdEH6UkeCy6mwjszpIgNcZc.yCDjE.6","landlord31@example.com","Landlord","Ena","Schmitt","999.862.9922","3399 Gislason Ford",NULL,True,"2025-07-01 10:54:57.876+01","2025-07-01 10:54:57.876+01"
"2476f1f6-4e39-4853-9153-ee1e93cf38b6","landlord32","$2b$10$Yxbxbj92cA3gdAicwKwB8e9FIXcmDj2Scbkd8qGqyQMCE4x5om7U2","landlord32@example.com","Landlord","Richard","Cremin","634.436.7719","5682 Toy Stream",NULL,True,"2025-07-01 10:54:57.944+01","2025-07-01 10:54:57.944+01"
"1df83474-f58c-4cb5-9151-c34b8c2e45d7","landlord33","$2b$10$iKzLp1XAhBvKFifjDoOWnu1aaoasDJgxMh78clm6P5RRSJjM/U9JK","landlord33@example.com","Landlord","Amely","Bartell","(443) 256-8906","7365 Magdalen Fall",NULL,True,"2025-07-01 10:54:58.013+01","2025-07-01 10:54:58.013+01"
"3b4b2508-5899-4a9a-a002-4c538ca15520","landlord34","$2b$10$u6hrm7ErjorltyMP7KzdkOXAUFGfgb.sGYYyrdhDXwezp.eylIXuW","landlord34@example.com","Landlord","Bill","Muller","583.652.7140","2289 Howell Motorway",NULL,True,"2025-07-01 10:54:58.082+01","2025-07-01 10:54:58.082+01"
"61639a8c-9f10-456d-a67f-01bb54e4927d","landlord35","$2b$10$AGo0fEuXaY0uG.02Pd560.BlkoQ4ngjtdO26Zz/JslMQkwjyd7ZIG","landlord35@example.com","Landlord","Santina","Haag","(530) 750-9105 x140","78000 Amara Pass",NULL,True,"2025-07-01 10:54:58.155+01","2025-07-01 10:54:58.155+01"
"ad88cdce-6623-489c-88b8-4b31b5063d64","landlord36","$2b$10$jticKPjvGctl7VpzASi2peZLQ4r5Qouq93to7MS/o7ZUjqqzmWKcG","landlord36@example.com","Landlord","Daryl","Lindgren","863-217-2304","15010 Monserrat View",NULL,True,"2025-07-01 10:54:58.222+01","2025-07-01 10:54:58.222+01"
"38cbdc93-a673-45b5-acf6-808ac9f0f2d7","landlord37","$2b$10$6D1pI2CaQr9xQEdV7jQWwesUz/Vhhl2SXsLf0JizDCtLqM/B/4Q26","landlord37@example.com","Landlord","Alvena","Ruecker","462.764.7197","19631 Rutherford Harbors",NULL,True,"2025-07-01 10:54:58.291+01","2025-07-01 10:54:58.291+01"
"7109c0b5-4828-4a17-b681-34fbfeadcdce","landlord38","$2b$10$04ERoIZrl6jNPne9q4Q/ieDsM5VNxVb00grSAub4TlwowpSchlHM.","landlord38@example.com","Landlord","Lourdes","Beer","812-334-9295 x61059","65054 Jerel Way",NULL,True,"2025-07-01 10:54:58.361+01","2025-07-01 10:54:58.361+01"
"7d6ea398-fb36-428b-a27a-792bbe2e86b4","landlord39","$2b$10$Bwao5oQDIjxwVsSLIq8yOeBlM8GKjkHry77IISiETnLtseGZi9kYG","landlord39@example.com","Landlord","Tevin","Sawayn","(729) 283-3327","2140 Hand Mews",NULL,True,"2025-07-01 10:54:58.433+01","2025-07-01 10:54:58.433+01"
"2ad9f09a-551c-439c-b116-038e7308d9b3","landlord40","$2b$10$rA77Zmk0BoECcmGYHh8ZMu4w0QS1AOlq81Vsg26JPj/FThrUhlUFS","landlord40@example.com","Landlord","Casimer","Nicolas","1-408-408-8627 x55465","49555 Jerde Club",NULL,True,"2025-07-01 10:54:58.503+01","2025-07-01 10:54:58.503+01"
"24b04a5f-e61a-49f7-9ee1-66ac8c24f11f","landlord41","$2b$10$VnJBADah6ZpSw4WX1bPpv.fPi7xajUP/1xZVxK7nr3EyBl.mgeNc.","landlord41@example.com","Landlord","Aniyah","Sipes","1-249-447-5926","89167 Abelardo Green",NULL,True,"2025-07-01 10:54:58.573+01","2025-07-01 10:54:58.573+01"
"93b59e0a-152c-4eae-bbeb-1c6fa01b592b","landlord42","$2b$10$PMp9Yj3JH5VzN7R7badjeuuotQhKwdi.xFRQzRuLWTGWXLd3W2zfq","landlord42@example.com","Landlord","Rebekah","Runolfsson","(456) 904-6940 x983","3851 Arlene Groves",NULL,True,"2025-07-01 10:54:58.64+01","2025-07-01 10:54:58.64+01"
"d94d6adf-7306-4850-a85f-da5d6c0072d9","landlord43","$2b$10$IV9S4TIYz7UeBq.KKPBEFO7/pmN8Y1wvLY3u4CV3Nm.EBo7mRVade","landlord43@example.com","Landlord","Shawna","Wolff","842-200-5149","72104 Retta Islands",NULL,True,"2025-07-01 10:54:58.708+01","2025-07-01 10:54:58.708+01"
"cadf72e8-63be-4f37-9b98-660d57cbf4d8","landlord44","$2b$10$2TNZA4zHFE.I8CBHe10PQuuAqDJZNFTcmN8K7nAkIy3o3sno6S3XO","landlord44@example.com","Landlord","Erica","Homenick","1-958-449-5341 x4637","8196 Nora Tunnel",NULL,True,"2025-07-01 10:54:58.773+01","2025-07-01 10:54:58.773+01"
"8836a2df-562f-45f3-bc6e-262424070ad4","landlord45","$2b$10$6Y369lf7G7Ybi8CXb6jMz.2LHMUq6yVxBpwH145cKJOWtO7e3yXES","landlord45@example.com","Landlord","Oren","Sanford","313.645.9328 x13730","08117 Pagac Canyon",NULL,True,"2025-07-01 10:54:58.848+01","2025-07-01 10:54:58.848+01"
"5e8b71c2-56bf-4af7-8d19-3340742604c2","landlord46","$2b$10$Jc2sdjtjImxPduGTqsdBbeB8bYsAfwru2H7MwJIbReMi8IzTc8FMG","landlord46@example.com","Landlord","Neal","Hilpert","(760) 519-0677 x341","4853 Ulices Roads",NULL,True,"2025-07-01 10:54:58.933+01","2025-07-01 10:54:58.933+01"
"bfb3b8d7-567e-4cc2-ac86-9c3ce0033359","landlord47","$2b$10$sCUoDneFTZZuXIKipNic7e294y3ZOSJkFPS/wZowsyhO3Dwv6g7rC","landlord47@example.com","Landlord","Ruthie","Murray","946.687.6031 x531","7434 Kiehn Terrace",NULL,True,"2025-07-01 10:54:59.007+01","2025-07-01 10:54:59.007+01"
"40a9b896-ed8c-43fb-b224-d06680637472","landlord48","$2b$10$RtILuMyFHfTRYqy6wEidxerP936nR5OmY1Uo8whJ6pAQotpOhWRnG","landlord48@example.com","Landlord","Dagmar","Hyatt","402-655-5127","82021 Kaden Drive",NULL,True,"2025-07-01 10:54:59.075+01","2025-07-01 10:54:59.075+01"
"f17e38cf-61f9-4ea6-a0ee-25fc2c9f2001","landlord49","$2b$10$FVlfarfpITEQIBH/OSl5F.qOCVItJeCjVQgw6JAcqGT3ZhdAWJCxC","landlord49@example.com","Landlord","Nelle","McGlynn","(319) 940-0663 x5405","220 O'Kon Vista",NULL,True,"2025-07-01 10:54:59.141+01","2025-07-01 10:54:59.141+01"
"c040a1f1-62cc-4ff6-9744-e2769bd115e8","landlord50","$2b$10$EM.C/1PwSZqGWT3JG/r0eO0TF8ZYaYgRPlZ8g8UTM/rrCbiluvGyu","landlord50@example.com","Landlord","Llewellyn","Hamill","361.681.9591","342 Cremin Burg",NULL,True,"2025-07-01 10:54:59.209+01","2025-07-01 10:54:59.209+01"
"163be6c0-8c01-4e61-8bb1-05d6d0b21308","landlord51","$2b$10$mPQXFRAzc8NJbaEdaoNTbuyXQUN7JeoPhsn6jMkCvWozH0ZOyqMT2","landlord51@example.com","Landlord","Shana","Stehr","(808) 399-8768 x9924","65039 Bashirian Springs",NULL,True,"2025-07-01 10:54:59.276+01","2025-07-01 10:54:59.276+01"
"0666ef4b-238a-44c9-aad8-497ca802c460","landlord52","$2b$10$AJOtyHBrt1ZvG6IH2eOgIeOUZ.8CUYRU/nCHA9GnHA6Bg8TXljsTq","landlord52@example.com","Landlord","Roman","West","528.928.8166 x533","054 Abby Prairie",NULL,True,"2025-07-01 10:54:59.342+01","2025-07-01 10:54:59.342+01"
"f7c09e30-1b31-4c3f-8129-8ea86d6b837b","landlord53","$2b$10$DnnvfFtYUrVQWEwSj2D94uxCd4KlxzE9hYISilzd4rR8vGIVXhwqy","landlord53@example.com","Landlord","Lempi","Gleichner","899-332-4990 x980","15334 Nicolas Spring",NULL,True,"2025-07-01 10:54:59.412+01","2025-07-01 10:54:59.412+01"
"56c093f5-0203-4f40-b9c8-0ec414d37345","landlord54","$2b$10$.CmQvW1eogLPyO6dD.lh7eY/JKQMee7Aml0pEN3.1A.UKQofuVT2K","landlord54@example.com","Landlord","Ethyl","Greenfelder","(923) 798-6060 x3646","0591 Christine Extension",NULL,True,"2025-07-01 10:54:59.48+01","2025-07-01 10:54:59.48+01"
"6f223c6d-25bf-4947-bb0c-532c8c3026cd","registry0","$2b$10$IGMCzmXNdEr0a2x9NcS/AOIiDp.nv2rPZpVCv8P63wt.bnZ/CS6jC","registry0@example.com","Registry","Jensen","Wisozk",NULL,NULL,"Home",True,"2025-07-01 10:54:54.24+01","2025-07-01 10:54:54.24+01"
"ee6ff991-409f-4bf8-b8f2-9ee2e1ea6d10","registry1","$2b$10$zLzV2KHtFba92bPP9OFP1uZl4epeYBHEpQoeFPEke.Ipz2wVHFER6","registry1@example.com","Registry","Malachi","Powlowski",NULL,NULL,"Shoes",True,"2025-07-01 10:54:54.319+01","2025-07-01 10:54:54.319+01"
"326dd8b7-695d-4548-87eb-0ced9e966396","registry2","$2b$10$rjlgERNB7R.OwVfdBfqby.HlewZcffirzkdDzd1yB2YtOypRWNjL2","registry2@example.com","Registry","Rosa","Kuhic",NULL,NULL,"Kids",True,"2025-07-01 10:54:54.398+01","2025-07-01 10:54:54.398+01"
"fa8978e9-0afd-4b3b-86c1-b7fbb61e9355","registry3","$2b$10$Z5CCiKtK68mKPaBZAvKvueQM/HWXAT/mytNYvo4tv9KCMSyWNs1I6","registry3@example.com","Registry","Jannie","Reilly",NULL,NULL,"Outdoors",True,"2025-07-01 10:54:54.481+01","2025-07-01 10:54:54.481+01"
"d8cc9ca4-e9d1-4e57-9ea6-b136b770de1b","registry4","$2b$10$moMVF9K736stqP0GGwiV2O1IjlXqcWemis5YZivesVqKuaHPW2eIa","registry4@example.com","Registry","Justine","Mayer",NULL,NULL,"Toys",True,"2025-07-01 10:54:54.554+01","2025-07-01 10:54:54.554+01"
"b247e83b-f4a3-4f71-9a8d-f909343218f6","registry5","$2b$10$SL8XufAnwtzaRlhVfJffNOKwPIU2dr9uQ.MS9XOQEhKQBOPkc7vqW","registry5@example.com","Registry","Earnest","Hilll",NULL,NULL,"Garden",True,"2025-07-01 10:54:54.622+01","2025-07-01 10:54:54.622+01"
"1a2ede7b-0512-4d87-bcd1-1bb048e4352d","registry6","$2b$10$nL5fR2epzR9JXmZ4hb7PUOljcUp03PBKrTd1Xq5jYTnMiyuGYXgp6","registry6@example.com","Registry","Darian","Dietrich",NULL,NULL,"Garden",True,"2025-07-01 10:54:54.688+01","2025-07-01 10:54:54.688+01"
"766f44d1-2217-429e-9d43-2f52047a19d6","registry7","$2b$10$y3eez5CwEeIl43moJNAmpOuZjUOduV0YSkIhpfn6taLL3EU/63gOq","registry7@example.com","Registry","Eduardo","Hyatt",NULL,NULL,"Clothing",True,"2025-07-01 10:54:54.754+01","2025-07-01 10:54:54.754+01"
"f6636206-5be5-424f-89b2-0fcef925fa53","registry8","$2b$10$yCLM0JpDWTk941YflBY/outfhodqWiwlfsLz/G0wWxwAuADl5Rt/y","registry8@example.com","Registry","Gonzalo","Veum",NULL,NULL,"Health",True,"2025-07-01 10:54:54.82+01","2025-07-01 10:54:54.82+01"
"97742a3f-b950-4d1b-8a19-fcde4a73e7ef","registry9","$2b$10$tbYL81wvF5Ou6AT5yi6to.FJXCkZFNyOjuIMTLVsSqEQhHmRKS.Zq","registry9@example.com","Registry","Laney","Marks",NULL,NULL,"Jewelery",True,"2025-07-01 10:54:54.887+01","2025-07-01 10:54:54.887+01"
"0a008813-1904-4243-951b-8e83afaf8f19","registry10","$2b$10$qqKKzNp0IIikumn27zbxbOGhAhALtD5lMSoiCNEoiC6IU0KfNJaFC","registry10@example.com","Registry","Lavina","Weber",NULL,NULL,"Electronics",True,"2025-07-01 10:54:54.953+01","2025-07-01 10:54:54.953+01"
"8fb113af-e58d-4092-b7c1-24f84b8246a8","registry11","$2b$10$YMSFKr0hD8JKNcSa8sdEkug4zmqplUmkH/t37yj8.HSE5GP2us.iu","registry11@example.com","Registry","Price","Stracke",NULL,NULL,"Baby",True,"2025-07-01 10:54:55.022+01","2025-07-01 10:54:55.022+01"
"34f301ce-f90e-49a7-b3be-874dfdea1a50","registry12","$2b$10$TD.PFklYJ5dYmGadJdN4guJ8i458dZEtnzqsXF5oj7O3H5VaB4EXe","registry12@example.com","Registry","Jane","Kozey",NULL,NULL,"Industrial",True,"2025-07-01 10:54:55.09+01","2025-07-01 10:54:55.09+01"
"e8d3547d-945a-4864-ae48-a4aedf313c1d","registry13","$2b$10$/dhL.uYP07QBL9zoUYQyI.4rVAavurbhsdwl0KarGDr3Y6d.dgey2","registry13@example.com","Registry","Buster","Gulgowski",NULL,NULL,"Beauty",True,"2025-07-01 10:54:55.157+01","2025-07-01 10:54:55.157+01"
"df53823e-cb2e-45e0-92df-e669cd372d7c","registry14","$2b$10$pVeLVqEI7Fk/57ymjP2OGO3rgm3AEaArDC.XcV5a48O2qs3Q8H6mC","registry14@example.com","Registry","Josh","Hettinger",NULL,NULL,"Home",True,"2025-07-01 10:54:55.23+01","2025-07-01 10:54:55.23+01"
"37221381-74d0-4a13-b337-76d9becce2c9","landlord55","$2b$10$dOO1XeESjzIH/edla9zcneMFnVJtfphuIS51/GksC5XxbB7GdLWK2","landlord55@example.com","Landlord","Guillermo","Douglas","628.626.0330 x237","55279 Kovacek Burgs",NULL,True,"2025-07-01 10:54:59.548+01","2025-07-01 10:54:59.548+01"
"5136f7cf-2784-4cd6-9fec-6331c7e26b10","landlord56","$2b$10$32isBiV3jIkuDdZQ4uCDnuzClGID1YIXSIYVWWazx9h3JFk5u7eES","landlord56@example.com","Landlord","Caesar","Deckow","(816) 608-9393","98264 Spencer Gateway",NULL,True,"2025-07-01 10:54:59.617+01","2025-07-01 10:54:59.617+01"
"51e49a58-ff2e-4058-b300-e491686311ee","landlord57","$2b$10$hMLWjPqVUtFK6POV1ulGP.rcSw7fOfYOPdPs8M/8/ESDV.ORxlAGC","landlord57@example.com","Landlord","Demario","Ebert","426.663.9897 x496","953 Veum Vista",NULL,True,"2025-07-01 10:54:59.683+01","2025-07-01 10:54:59.683+01"
"1161533f-b8c3-473d-b653-aae5e67f9b2f","landlord58","$2b$10$ggcV14NK44Uy4G4992IauOa15TudowqbyXe5W2DjkQ2q6uv/HN7cG","landlord58@example.com","Landlord","Prudence","Fritsch","733.830.9783","43591 Joesph Shoal",NULL,True,"2025-07-01 10:54:59.749+01","2025-07-01 10:54:59.749+01"
"fad57cc2-9fa4-4b9c-82de-8f6ef269cdbb","landlord59","$2b$10$.U1nahat16Zn2SKM2d5c9euXzmjuGfqEN1IOwxd06e/ikwAsI9Reu","landlord59@example.com","Landlord","Lindsey","Steuber","(387) 515-4746","411 Terrence Mall",NULL,True,"2025-07-01 10:54:59.816+01","2025-07-01 10:54:59.816+01"
"d260e6b0-79b9-4aca-8133-cc46b1e99cb0","landlord60","$2b$10$3Gnxk6llxkGdIUAb7onPw.DcvUIcKVZXO3RRv3DmiSm9sFIyaGnqi","landlord60@example.com","Landlord","Clemmie","Maggio","709-304-8674","1483 Baumbach Oval",NULL,True,"2025-07-01 10:54:59.885+01","2025-07-01 10:54:59.885+01"
"1c1e6751-32ea-4ce6-b54a-3af19e67d9e5","landlord61","$2b$10$QKsIVot4Tf0lMAVbO6iqP.6/wnCIqjz9RDkFkOk2gCt.d.3TEL.CK","landlord61@example.com","Landlord","Royal","Tromp","(499) 901-6298","7833 Alan Rapid",NULL,True,"2025-07-01 10:54:59.95+01","2025-07-01 10:54:59.95+01"
"0cda59f3-0936-46a0-a56f-de24768f3eaf","landlord62","$2b$10$QpUvftPUyUwDCOJ2a8LH0uD24rhR8Vp6BnQgdNTJfk5xq3B23VupO","landlord62@example.com","Landlord","Karlee","Green","696-884-0642","840 Wilderman Square",NULL,True,"2025-07-01 10:55:00.024+01","2025-07-01 10:55:00.024+01"
"a39d05fd-b7cd-44f8-b13b-4fc70d271812","landlord63","$2b$10$ZIFMcvhHVkzIcM/527F39e7GAb1aTja6tAkZMgGsXep2OCEZMnoNW","landlord63@example.com","Landlord","Chasity","Bosco","825.825.0637","495 Dare Forks",NULL,True,"2025-07-01 10:55:00.096+01","2025-07-01 10:55:00.096+01"
"e77a6be4-92d0-48df-95d4-0dba9688cc5b","landlord64","$2b$10$mI.xEmPt7r2imAIaZwUXxecyuzxI3PxFDOtpsJhUEPQQuOVeubtSi","landlord64@example.com","Landlord","Jake","Schaefer","964-851-6867 x695","3248 Cartwright Expressway",NULL,True,"2025-07-01 10:55:00.171+01","2025-07-01 10:55:00.171+01"
"6917129d-6984-48ff-a4d9-d3c3c2813f08","landlord65","$2b$10$FNrUY607FBiJSRQIeZdFVO6h/wTJsfek49HxCsnPFgEiRrcQoWkU2","landlord65@example.com","Landlord","Coy","Pacocha","(809) 475-2949 x573","27629 Titus Tunnel",NULL,True,"2025-07-01 10:55:00.239+01","2025-07-01 10:55:00.239+01"
"af1a2b98-2c80-4725-88f3-9174fbd12629","landlord66","$2b$10$nqhDFWR/ta64Q0L1cs98Xex2zge9Q623Gtx..rsiRnmvXqV8Sv7Oa","landlord66@example.com","Landlord","Marianne","Muller","408.840.5330 x4446","280 Larue Extension",NULL,True,"2025-07-01 10:55:00.305+01","2025-07-01 10:55:00.305+01"
"8320f873-43b3-4b40-b4f5-9f37d26319ea","landlord67","$2b$10$C7w/Tj46yv6atbL8nf64Nulh87N4PlKs8J/Es0LZWkG9jhyMWrtGy","landlord67@example.com","Landlord","Stewart","Kunde","(728) 869-8539","837 Benedict Trafficway",NULL,True,"2025-07-01 10:55:00.373+01","2025-07-01 10:55:00.373+01"
"3f4ed8fb-1678-46ea-8553-f9074af1d07d","landlord68","$2b$10$HS09guq65ZHnKEO8o0duqe3uYmywjrxeWR8mLmgN/PIiJuMkytgeS","landlord68@example.com","Landlord","Osbaldo","Harris","(327) 669-9529","4568 Charlene Brooks",NULL,True,"2025-07-01 10:55:00.441+01","2025-07-01 10:55:00.441+01"
"c2cf151e-8984-4dd3-8b46-901753cb8d6d","landlord69","$2b$10$0csKStI9Ez0RwWsVrLdSeOrdOvbKSsXpt2lL/vdAqeiPLpzIcuJmO","landlord69@example.com","Landlord","Keara","Grant","1-660-469-3185","22381 Ryan Mountain",NULL,True,"2025-07-01 10:55:00.508+01","2025-07-01 10:55:00.508+01"
"37195223-cfbc-49ee-9291-9965212a68de","landlord70","$2b$10$QlTlFlyJp.hN7Bcu/BHKNeobwmzySO2S/XZ1KPuMjliLdssIHS/r6","landlord70@example.com","Landlord","Ada","Wilderman","(330) 479-9871","05619 Wehner Extension",NULL,True,"2025-07-01 10:55:00.573+01","2025-07-01 10:55:00.573+01"
"42f84bd1-ecb3-403e-9a30-856952c9e286","landlord71","$2b$10$MpePt8C1z8kmKprPFPUUUev5sj6JdLG9Z7zAH1gihJ67idZPjiWXG","landlord71@example.com","Landlord","Jessy","Jakubowski","581.936.9873 x17892","14846 Annabell Highway",NULL,True,"2025-07-01 10:55:00.653+01","2025-07-01 10:55:00.653+01"
"4107176e-2a07-4e17-98d4-00ec1b665809","landlord72","$2b$10$SzRvyZLOGCRdn.8nnnE5oe/bcUWcaadTUa5oQhH8t7OHoZSSsHYaO","landlord72@example.com","Landlord","Imogene","Goyette","560.985.7145 x6244","3921 Kirlin Prairie",NULL,True,"2025-07-01 10:55:00.722+01","2025-07-01 10:55:00.722+01"
"91f44bef-c70c-4e48-8d69-352729ab8388","landlord73","$2b$10$8SnocyV.LF8XPaTqLPeHxOJMD37S2dGji3nuV52vY8gPk8mn3Cmem","landlord73@example.com","Landlord","Johnny","Nitzsche","1-394-794-7061 x3599","86882 Doyle Hollow",NULL,True,"2025-07-01 10:55:00.789+01","2025-07-01 10:55:00.789+01"
"a069e515-fc97-48e1-b4ac-bf896beafaa3","landlord74","$2b$10$G0YeEeAAD7KpdF6SkR8nSeQV5ztaCCNDdz0z0O9/0oDjrnFLrDZX.","landlord74@example.com","Landlord","Alvina","Hansen","893.896.6439 x4868","64553 Max Underpass",NULL,True,"2025-07-01 10:55:00.865+01","2025-07-01 10:55:00.865+01"
"ea829567-0b82-4fc6-92f1-7641c7c34d01","landlord75","$2b$10$GoqwJW29c4qFmW4XDjCTQe2L2u5S3C2juHq87e5tEvmtOATA30Eau","landlord75@example.com","Landlord","Mertie","Lemke","306-947-3942 x30049","994 Nicola Skyway",NULL,True,"2025-07-01 10:55:00.937+01","2025-07-01 10:55:00.937+01"
"17569b68-2555-4a07-a884-8cababd60060","landlord76","$2b$10$TGhObnaaK5VuumYbiZLNWO82.HEdgCkPOR0brayaD0wBLUPo2qmV2","landlord76@example.com","Landlord","Flavio","Stanton","847.986.2565","32210 Tyra Canyon",NULL,True,"2025-07-01 10:55:01.009+01","2025-07-01 10:55:01.009+01"
"9f4953b5-13e4-4680-9cdc-eccb990a1a47","landlord77","$2b$10$.u1YY9osE2pDLvTvnTEAl.KQyRFg5yFO9We7LXIcLx/fFahWSmYMq","landlord77@example.com","Landlord","Morgan","Becker","598.527.0182 x67770","30339 Zola Fields",NULL,True,"2025-07-01 10:55:01.075+01","2025-07-01 10:55:01.075+01"
"c08ce6ff-bef7-43fe-9ff5-cf90096cd44b","landlord78","$2b$10$tctmDCp5kfTYFipGypNUZemcaKgL6ojqwdXLDs81xBhLg9wvZIL1m","landlord78@example.com","Landlord","Gaetano","Crist","317.428.2342 x592","2193 Wunsch Turnpike",NULL,True,"2025-07-01 10:55:01.16+01","2025-07-01 10:55:01.16+01"
"6eea4d17-db5d-41a7-b0aa-3ebbfccdf0c0","landlord79","$2b$10$zmpQvlQDc8dw.5YkbEwmRujUDUzq9fij0IU37YPmJO/n/Lsx5LD2y","landlord79@example.com","Landlord","Easton","Kovacek","954.511.8255 x810","69451 Fadel Knolls",NULL,True,"2025-07-01 10:55:01.236+01","2025-07-01 10:55:01.236+01"
"6d841317-b3ca-4089-8c68-13ba38f6a13d","landlord80","$2b$10$vr5QpKTlzw0edhLX9vRE8OKeyRIYMVkedtSjAsr0/4yT6jfDJMJe6","landlord80@example.com","Landlord","Gretchen","Waelchi","694-401-0569","03201 Raoul Meadow",NULL,True,"2025-07-01 10:55:01.316+01","2025-07-01 10:55:01.316+01"
"73a96bce-3dc1-4ef0-b1a1-b4fcb24ccd9d","landlord81","$2b$10$m4c3TkcV2DB4X.Z/uUyCz.wDcZla1UGwA7as4c346hVct361mwC.G","landlord81@example.com","Landlord","Micah","Greenfelder","(583) 325-4503","353 Stokes Dam",NULL,True,"2025-07-01 10:55:01.398+01","2025-07-01 10:55:01.398+01"
"24517ddd-0101-43b3-b816-272241a82840","landlord82","$2b$10$OHlYUxwkXmqWoe8t.gCZYeLGGXfOgWnu7Mvc8L.g/CwXDbwkHZCbi","landlord82@example.com","Landlord","Juston","Hilpert","336.782.0963","703 Bosco Lakes",NULL,True,"2025-07-01 10:55:01.474+01","2025-07-01 10:55:01.474+01"
"6c599238-4ffb-43de-93b1-bd4acfee52cd","landlord83","$2b$10$dDc0Y.9nGtp7.rka54YiBOyi6evtqXPqwUhuNbW96y7ZJv4B/TbqO","landlord83@example.com","Landlord","Devan","Muller","407-278-2213 x352","4957 Damien Brooks",NULL,True,"2025-07-01 10:55:01.55+01","2025-07-01 10:55:01.55+01"
"64da55e4-ea20-4d80-8910-9d169a195c06","landlord84","$2b$10$ybgUJvc98P99OS0Ddif/9ewFWiSrn9Z3kolwtq/G5/ZRUbodY3.vq","landlord84@example.com","Landlord","Brain","Effertz","235.905.6452 x3366","966 Little Creek",NULL,True,"2025-07-01 10:55:01.628+01","2025-07-01 10:55:01.628+01"
"2940bcea-bd8a-459a-bd36-01bb551eb71e","landlord85","$2b$10$UVVNb83pHdQkCghtxjRqueBRL2cs3O9kpUyO.a1WeFBTdSbFrLUsu","landlord85@example.com","Landlord","Dylan","Nikolaus","460.820.3553 x77469","227 Schaefer Keys",NULL,True,"2025-07-01 10:55:01.705+01","2025-07-01 10:55:01.705+01"
"d4be684c-2063-45f8-bf74-1dec06cc9eb5","landlord86","$2b$10$9FIOqb3v71ozUVPreOopoOIWL9YuJdiMf.R.z3J6AXMEabKhecrBS","landlord86@example.com","Landlord","Pat","Kautzer","(237) 515-9613","2772 Williamson Falls",NULL,True,"2025-07-01 10:55:01.791+01","2025-07-01 10:55:01.791+01"
"8eb5272d-d9f7-442b-a615-e7d43eb2f3a6","landlord87","$2b$10$l4WD3uoBHIBMtOQvKVFF6exnTbFcQhOGzd1C64wF7vXolcxge6Q8e","landlord87@example.com","Landlord","Bret","Grady","(933) 771-6275","182 Strosin Spurs",NULL,True,"2025-07-01 10:55:01.862+01","2025-07-01 10:55:01.862+01"
"b9b6048f-d83a-406b-99a5-254611b83fa9","landlord88","$2b$10$yKjt17SiuKPnGhwuUCq0/uTufsx0KKYOYjSxyEituifPXNLQHdHM6","landlord88@example.com","Landlord","Destiney","Becker","936.887.2558","35574 Effertz Valley",NULL,True,"2025-07-01 10:55:01.934+01","2025-07-01 10:55:01.934+01"
"49b89869-d09a-4d0b-9b0a-67698e06a139","landlord89","$2b$10$J2AJK7F41ZSGSwjnU4mxm.CZM7lRKbqxskMtauJGr8pGJ/HYyEr9a","landlord89@example.com","Landlord","Ben","Grady","(585) 990-9430 x237","5094 Tiffany Rest",NULL,True,"2025-07-01 10:55:02.009+01","2025-07-01 10:55:02.009+01"
"e31c1153-ced9-4437-8778-ff7913d31fce","landlord90","$2b$10$rZHpSZxvVid0w6BFRkukyObECHFuBS4IlkSgBpFR.dEiRBNZG2GcO","landlord90@example.com","Landlord","Sophia","Mayert","614.730.2481 x574","53996 Boyer Junctions",NULL,True,"2025-07-01 10:55:02.084+01","2025-07-01 10:55:02.084+01"
"13725228-3878-4394-9ffd-62b71279bbb7","landlord91","$2b$10$YND.uYGtHn.qRIZIQAigBu/jx12zxDmGBxV0mDKnjxKEOUsNs18/q","landlord91@example.com","Landlord","Elvie","Mayert","569.556.2251 x8693","0295 Jocelyn Views",NULL,True,"2025-07-01 10:55:02.159+01","2025-07-01 10:55:02.159+01"
"6c3f798c-0c24-4331-9243-2e2d480cdfd5","landlord92","$2b$10$xWJxRK79PABVRRq9kMZwgOgwMuTEPN1cRJPDv1lz.1W0R0aegSxtS","landlord92@example.com","Landlord","Coty","Windler","725-257-6300 x1746","02582 Witting Drive",NULL,True,"2025-07-01 10:55:02.233+01","2025-07-01 10:55:02.233+01"
"d9c81279-07e9-4df8-a3cb-8732a55e1c23","landlord93","$2b$10$tYJCzwlfp1KohIAeVQK/gOj/Q/P5uacENphdYSussQSMyPjhyIhpO","landlord93@example.com","Landlord","Dedric","Stiedemann","969-665-5748 x9339","076 Shanahan Fort",NULL,True,"2025-07-01 10:55:02.306+01","2025-07-01 10:55:02.306+01"
"67a74ebf-46fe-4fd2-991e-c27eb72e8a6e","landlord94","$2b$10$G85O6nZA4lGQmh6Qgd/i.O2Yoe/d8/wmHZvziSMhLTlYuV1tZ9RjG","landlord94@example.com","Landlord","Chance","Robel","1-200-969-7195 x588","68356 Macejkovic Prairie",NULL,True,"2025-07-01 10:55:02.382+01","2025-07-01 10:55:02.382+01"
"67b52297-a787-4630-ba54-242af2b9cc1b","landlord95","$2b$10$69GZeCx0e1WlNmt6EaB0g.nxsA8xjIvTgTuqgkCNyq6dgCt5Xcvwq","landlord95@example.com","Landlord","Laisha","Wisozk","1-694-944-4451 x5156","257 Schamberger Parks",NULL,True,"2025-07-01 10:55:02.454+01","2025-07-01 10:55:02.454+01"
"de19dff2-a48e-4d8b-87fe-681daf33af0f","landlord96","$2b$10$n0U6zZRUvQArzHZDC3F5Pu1t6lAGK2Wwu4cQFJ0bTLfxFVUIMpKHK","landlord96@example.com","Landlord","Saige","Collier","(439) 289-7147","139 O'Reilly Plaza",NULL,True,"2025-07-01 10:55:02.53+01","2025-07-01 10:55:02.53+01"
"942702e8-ceba-4b08-80c6-9f2f7c96f0c1","landlord97","$2b$10$Pxt45v3N09wDHoBRM5CGCuwaNyNuye6RD8/dF7jzWYiliM7hMOsru","landlord97@example.com","Landlord","Darlene","Yundt","521-433-7875","0619 O'Connell Haven",NULL,True,"2025-07-01 10:55:02.599+01","2025-07-01 10:55:02.599+01"
"1740bb88-b37d-432d-b09c-e048e2b126fd","landlord98","$2b$10$UbmJ99BwmW6OWpsJljK8SecvqVoZOhZYGAxEYS53rtuO9tTCZvpJq","landlord98@example.com","Landlord","Rory","Kutch","685-773-8616 x83598","38412 Dooley Unions",NULL,True,"2025-07-01 10:55:02.67+01","2025-07-01 10:55:02.67+01"
"532afe58-c0ae-4173-8bb5-1eab21820d2a","landlord99","$2b$10$gQYMxgS5JzAwLR3L9m.88uEQ1eNhiY2b0QfGH867Zq0tvC.ulraH.","landlord99@example.com","Landlord","Easter","Frami","322.888.5927","96999 Gunnar Corners",NULL,True,"2025-07-01 10:55:02.74+01","2025-07-01 10:55:02.74+01"
"dd6389f8-d5d9-47c6-a847-770e177a3d42","landlord100","$2b$10$hYDuA3OpNIfdn9WE/1MU8.V3y/ULHEi4B6..4G4lsTJkPOAAzyfdC","landlord100@example.com","Landlord","Nina","Tromp","445-795-1637 x88129","556 Lucinda Creek",NULL,True,"2025-07-01 10:55:02.81+01","2025-07-01 10:55:02.81+01"
"dd60734e-af9f-4d62-a362-e0c6c0c61493","landlord101","$2b$10$/p9QZmCADcDxXIkWMbOPCeilUs3IKv96yrKnRvEI9Qy6NsHr7K7Iy","landlord101@example.com","Landlord","Lysanne","Senger","(457) 599-0009","0392 Durgan Course",NULL,True,"2025-07-01 10:55:02.884+01","2025-07-01 10:55:02.884+01"
"d54304f7-f10e-43ca-846a-cf0fc736a636","landlord102","$2b$10$aATbRLOk78QCobY8.DNvx.SKBx/bzW/jehh25/0ZPyzHJiCP8V5BC","landlord102@example.com","Landlord","Layne","MacGyver","1-807-684-1983 x766","976 Vena Mall",NULL,True,"2025-07-01 10:55:02.952+01","2025-07-01 10:55:02.952+01"
"a868d50e-183e-4b48-a0de-716ce1b549d9","landlord103","$2b$10$QMMzOMIi1c7ryPRtftmdWOj/tiDq1QkSaDvyHxaAPQN3Hg8RKQlrq","landlord103@example.com","Landlord","Lew","Turcotte","1-830-427-6023 x5611","9965 Schultz Prairie",NULL,True,"2025-07-01 10:55:03.02+01","2025-07-01 10:55:03.02+01"
"e7d2a984-17aa-422e-a188-3c50d4498923","landlord104","$2b$10$huD.Au69G3nAliIBT/u8/.MfL6UeqXzK00dEggeDheSzr0iOp/LHO","landlord104@example.com","Landlord","Harold","Jones","937.935.1154","2136 Konopelski Meadows",NULL,True,"2025-07-01 10:55:03.095+01","2025-07-01 10:55:03.095+01"
"bf1c4241-ad70-471d-a482-e2706036c732","landlord105","$2b$10$XJHV89KPEeUr59Raq26OyeTgD06NdG1fyWVSRBqxCGMJfqrJ.lx4y","landlord105@example.com","Landlord","Rhea","Dicki","(762) 677-9072","97989 Windler Union",NULL,True,"2025-07-01 10:55:03.171+01","2025-07-01 10:55:03.171+01"
"55a36285-1bdc-4e63-a628-e9640e469f2f","landlord106","$2b$10$o2xIYwmSy.ThQF4ojivpBeFFo6Cm4vzGfIt48K7SDkfSdPV.6dwQu","landlord106@example.com","Landlord","Camren","Reynolds","(998) 462-2791","896 Delpha Village",NULL,True,"2025-07-01 10:55:03.254+01","2025-07-01 10:55:03.254+01"
"e7940adb-b925-4966-a514-adc0d679ea86","landlord107","$2b$10$GfZgduY1FVCnAzgvdBZNX.O22CEFcOiFZrcR/8KZuUouBq1o5pkgi","landlord107@example.com","Landlord","Viviane","Funk","349-947-6353 x7044","1318 Zboncak Island",NULL,True,"2025-07-01 10:55:03.359+01","2025-07-01 10:55:03.359+01"
"42f08311-5b93-4ad2-9b68-d1c778b7c630","landlord108","$2b$10$lM/z7524aYlhln9rjm.VrOpCdsEaqiLizq/LqboUd9sUAWqDfMHFS","landlord108@example.com","Landlord","Fabian","Sanford","618.316.2924 x9814","718 Lilliana Avenue",NULL,True,"2025-07-01 10:55:03.447+01","2025-07-01 10:55:03.447+01"
"414d0169-46f3-4394-8661-b003af2342cd","landlord109","$2b$10$OSuqizWL45rmPPci/wHAQuZMn9S73pE8B2Yykfx6un6rQ8v8UgHbK","landlord109@example.com","Landlord","Vinnie","Ebert","1-535-532-1812","118 Kieran Mews",NULL,True,"2025-07-01 10:55:03.527+01","2025-07-01 10:55:03.527+01"
"233bc617-acf9-4fcd-9d2b-c6812423b8a9","landlord110","$2b$10$S4VC.uCAeL4yq45gki99QOGDzNnpsk8FztVowVhadjd/n3C3SEa7S","landlord110@example.com","Landlord","Brycen","Graham","866-536-0564 x829","7131 Maybell Village",NULL,True,"2025-07-01 10:55:03.604+01","2025-07-01 10:55:03.604+01"
"1f9738c5-4539-4dc8-93d5-79292b0f0bc0","landlord111","$2b$10$aPmHVMcnUHE19nXBFgNuQOohLXz4bXK8Ja5LZLLxl446xeFUU0g.C","landlord111@example.com","Landlord","Una","Klein","(275) 472-2947","2650 Donavon Via",NULL,True,"2025-07-01 10:55:03.679+01","2025-07-01 10:55:03.679+01"
"0f3c2737-0ce0-4d1a-8e2f-075a57a8de76","landlord112","$2b$10$QEQ8Kh5k7fuNRcKo82dEH..kkNlHDGsAJBT.mZGACBeyc2ATdJ1aS","landlord112@example.com","Landlord","Alvera","Price","1-768-656-2560 x414","755 Elmore Brook",NULL,True,"2025-07-01 10:55:03.76+01","2025-07-01 10:55:03.76+01"
"8e07f230-0447-4e8f-9c48-260d3e1318d0","landlord113","$2b$10$yh6Iu7agYumrl9w7KLeHKOjbbnvPw5BFT7pL2Z6h6HL.qeOK6TkKq","landlord113@example.com","Landlord","Zachariah","Littel","548-916-9454","690 Leannon Fall",NULL,True,"2025-07-01 10:55:03.834+01","2025-07-01 10:55:03.834+01"
"36c5efd9-3f58-4910-86fa-19bc51c2eb7a","landlord114","$2b$10$kj4r2P8BJSIhLHJuIoxfF.QTpvfqsq/Q3D2N8EJStg8hThqwE0T/6","landlord114@example.com","Landlord","Foster","Quigley","(513) 344-0806 x3105","85160 Darrell Port",NULL,True,"2025-07-01 10:55:03.906+01","2025-07-01 10:55:03.906+01"
"bdb42856-7c14-4f76-b614-6964960a9e94","landlord115","$2b$10$VEXeWBIWu.9H4JGh0IFiEO5aWU8NvsQAT7..qFDpg4SKfVt8dNLg6","landlord115@example.com","Landlord","Bud","Howe","1-462-854-1549 x60749","541 Roosevelt Expressway",NULL,True,"2025-07-01 10:55:03.98+01","2025-07-01 10:55:03.98+01"
"5747efe0-dfcb-4fc7-815b-810774caa827","landlord116","$2b$10$99PCQV3mMI8KG81wvj.ME.jlNKf1a4DJk/3lvIE7MTUjs8RKzwcKu","landlord116@example.com","Landlord","Jason","Kirlin","1-377-469-7056 x3394","76330 Emiliano Isle",NULL,True,"2025-07-01 10:55:04.058+01","2025-07-01 10:55:04.058+01"
"2c172689-856e-41c3-844e-cc9c34be6924","landlord117","$2b$10$JAImgh1CkLV5VwYd3pQo6uY.YbhyMvu2B5GnL8rqduzfOk2hW/R5q","landlord117@example.com","Landlord","Darrin","Hermann","(451) 813-6750","93864 Odessa Heights",NULL,True,"2025-07-01 10:55:04.133+01","2025-07-01 10:55:04.133+01"
"6a6fa4b3-0583-473d-9239-d29a51d46377","landlord118","$2b$10$9H9KP/KbwAax.PSzI8TGp.E0uAg6iHW8DdjgNcSL/L0NszKY//Soq","landlord118@example.com","Landlord","Rudy","Leannon","678.808.0207 x4319","134 Ewald Skyway",NULL,True,"2025-07-01 10:55:04.212+01","2025-07-01 10:55:04.212+01"
"f2b150dd-9810-4bdf-b0d0-3d28e6e86acd","landlord119","$2b$10$kek02VQbdvbk2U5VdPd0Gu5Q47sJlR4NgblyYtnRiBihxUBwRSfui","landlord119@example.com","Landlord","Alberto","Gulgowski","752.476.3167 x8433","1006 Schmitt Crossroad",NULL,True,"2025-07-01 10:55:04.285+01","2025-07-01 10:55:04.285+01"
"a6871ef0-14ff-4781-9e33-4ee279691fc3","landlord120","$2b$10$R0Bhup1bfTyPUU7hkyV31.oeo.vE0VSCCcdyHMzBRIgPoyU6N9/ye","landlord120@example.com","Landlord","Emelie","O'Reilly","788-252-3533","597 Bo Street",NULL,True,"2025-07-01 10:55:04.36+01","2025-07-01 10:55:04.36+01"
"d28e236b-2430-493d-a3fe-d32a2e54bb62","landlord121","$2b$10$9BpDeQtkE0FSo6NQWXUU9OdoyE.btvyNtYJfCnC/fH61PMxoIJFbW","landlord121@example.com","Landlord","Santa","Bode","521-802-6392 x425","729 Farrell Circles",NULL,True,"2025-07-01 10:55:04.432+01","2025-07-01 10:55:04.432+01"
"819142e3-35b4-4aa9-961c-6d984e7e4657","landlord122","$2b$10$DOGnABLNDwiNnHM3d5dpoeu0BMu0TsHwZEy0dQqAY.paLOsFWtQQu","landlord122@example.com","Landlord","Ludie","Wolff","1-460-605-0584 x34894","886 Schimmel Road",NULL,True,"2025-07-01 10:55:04.502+01","2025-07-01 10:55:04.502+01"
"dccbcab5-2f8d-4f65-826a-f6f2c6158e7d","landlord123","$2b$10$7We6EPaOM1uWbrZgBYiHeOPTBRDT9.vsYShBZtfYBheHb.JeDd7u6","landlord123@example.com","Landlord","Julien","Sporer","302.637.9923 x369","9853 Predovic Courts",NULL,True,"2025-07-01 10:55:04.572+01","2025-07-01 10:55:04.572+01"
"19e7a6a0-a9bf-402b-be33-856380f7683d","landlord124","$2b$10$ytcoTfycxG.eVxmwe/I6QOK41UhIujPta9E6mwYYEwKa0fVI9htoK","landlord124@example.com","Landlord","Meagan","Mohr","1-449-586-0221 x4170","179 Grant Dale",NULL,True,"2025-07-01 10:55:04.642+01","2025-07-01 10:55:04.642+01"
"469676ce-a259-4fca-aecc-addac953b154","landlord125","$2b$10$B.qqCMkb.Wf6vfrXKZ2rHeF7IUQnbzstvKAkzPTWu/wT5d0jH9XXq","landlord125@example.com","Landlord","Queenie","Baumbach","472-562-0882","42061 Cecilia Avenue",NULL,True,"2025-07-01 10:55:04.722+01","2025-07-01 10:55:04.722+01"
"3da89b5a-2e18-4f86-a23f-7fe8b45c1729","landlord126","$2b$10$Evqe/OeVD0JVy7jx1e2NjuoEiFl1BADt0jpgVJvbIDR9WHN9dg2i6","landlord126@example.com","Landlord","Easter","Larson","408-740-2222","940 Ole Manors",NULL,True,"2025-07-01 10:55:04.796+01","2025-07-01 10:55:04.796+01"
"b7f11cf2-1c1b-491a-88d5-c7143e0cc8a8","landlord127","$2b$10$7cWzxrUVQzTyoA6ST4umD.AngnLsWzHN.AKNyfo75FMk/IL.c3VLS","landlord127@example.com","Landlord","Max","Hudson","1-780-751-1712","2944 Hodkiewicz Forks",NULL,True,"2025-07-01 10:55:04.865+01","2025-07-01 10:55:04.865+01"
"4fd4a5df-f0c8-4fad-9a6d-b623a422deb9","landlord128","$2b$10$MLVWcJODfnu7YGHEIvhUqeIB5/PnE/ufkG4amPCrTcPvmULBwPDvy","landlord128@example.com","Landlord","Alysha","Grant","1-559-550-2827 x94496","17486 Bashirian Ports",NULL,True,"2025-07-01 10:55:04.933+01","2025-07-01 10:55:04.933+01"
"70081363-dec5-4f34-bff5-9aee6669d65a","landlord129","$2b$10$YIV.Z3B0sSpBFeavL9lakOvL5SgBDF26sGB7gm06GOimojeobNrOC","landlord129@example.com","Landlord","Wiley","Mann","1-221-659-5805","630 Lesly Inlet",NULL,True,"2025-07-01 10:55:05.009+01","2025-07-01 10:55:05.009+01"
"cf10e4ad-dd57-40f1-b031-e7cc3b8f56df","landlord130","$2b$10$pMVSbgx7PAOJu6OBgCiHpOuSQefT6LENKSu4hoWKG.eaoWpUdJ4ky","landlord130@example.com","Landlord","Alexandrine","Schiller","850-579-2875","71106 Hessel Alley",NULL,True,"2025-07-01 10:55:05.079+01","2025-07-01 10:55:05.079+01"
"99a033c9-0ce3-4210-a855-fee488077752","landlord131","$2b$10$uLt6Qm0Na2jO4pEl8f6nK.a3A6Rokvsth1Fp4cRmwb63pAfm.XUZa","landlord131@example.com","Landlord","Kaden","Sauer","391-430-1806 x3633","5793 Watsica Haven",NULL,True,"2025-07-01 10:55:05.149+01","2025-07-01 10:55:05.149+01"
"ba7ee6dc-62cd-4469-b325-72e0bb9d111e","landlord132","$2b$10$CKsmJ0kl6KdZ9AFlNRN6ee92KEoKfVfX2XNsJFt1OoS8xo./FUBRO","landlord132@example.com","Landlord","Avery","Romaguera","1-464-238-3338","98483 Keebler Fall",NULL,True,"2025-07-01 10:55:05.224+01","2025-07-01 10:55:05.224+01"
"7114932b-18f5-425c-aeeb-f79b616520a6","landlord133","$2b$10$ATRc63R/FySZJHCXtlRwz.mnQhYGbDFiWxKMRHWFoI.tUvfL3UT8m","landlord133@example.com","Landlord","Jordi","Sanford","328.644.9966","218 Koepp Ways",NULL,True,"2025-07-01 10:55:05.295+01","2025-07-01 10:55:05.295+01"
"6f04968e-1e30-417b-852c-be584ddc8ca0","landlord134","$2b$10$Fs4RTodT/1hNh0T8hLtW1uj.a/q2fS.bHAWQxiP9Hv1vz4lzOZr4W","landlord134@example.com","Landlord","Trystan","Will","(941) 744-3658 x935","957 Muller Circle",NULL,True,"2025-07-01 10:55:05.367+01","2025-07-01 10:55:05.367+01"
"64db9e02-99ff-4be9-988c-f1ae8b6ba06f","landlord135","$2b$10$CK20psgFdLzkbnUccWfg5OdobyQ3y23xye9znfGZKrlnidv1oRIcW","landlord135@example.com","Landlord","Monserrate","Mertz","1-333-511-3922","50894 Marcel Track",NULL,True,"2025-07-01 10:55:05.435+01","2025-07-01 10:55:05.435+01"
"e6691c8d-55c2-45e3-9111-18f4ac067d46","landlord136","$2b$10$3K/gXZAxQUCq/tik.s7ajOZ9c.iHrL3o3UGhLjacz.5xMcpMdlST2","landlord136@example.com","Landlord","Stanley","Collier","1-726-240-7233","07444 Sipes Unions",NULL,True,"2025-07-01 10:55:05.503+01","2025-07-01 10:55:05.503+01"
"c185634e-8204-445d-8eb9-95bee805ce1c","landlord137","$2b$10$ygShdXXUuaMQU9h7it.yO.GY5lZnBZ6dB8DQXOn5C6ASmWjpjWEw.","landlord137@example.com","Landlord","Ubaldo","Becker","818-581-2949","175 Neoma Neck",NULL,True,"2025-07-01 10:55:05.577+01","2025-07-01 10:55:05.577+01"
"4f006bef-3070-4656-a449-a72aa40b6c23","landlord138","$2b$10$PduSt4InFF4.z7eTRaHuZOxAMahx.3mrUjhaQyVHaKorRcxDNc6Dq","landlord138@example.com","Landlord","Norwood","Ondricka","(230) 298-0752 x7979","188 Parker Harbors",NULL,True,"2025-07-01 10:55:05.653+01","2025-07-01 10:55:05.653+01"
"7193bbb2-0ff4-4a4d-8d01-f00daf91de21","landlord139","$2b$10$d16MyKMlGK4pu7xKvxHdkONfwgQizWddna6XD0/ojJGw3iPAMu4Xu","landlord139@example.com","Landlord","Ralph","Treutel","860-845-3672 x1705","49749 Miller Meadows",NULL,True,"2025-07-01 10:55:05.736+01","2025-07-01 10:55:05.736+01"
"2bae5b24-1db5-454b-8df7-50b050614e4d","landlord140","$2b$10$B1Y9ZsBMwCtdSV6mCXS3FOmLYPtW2Rh3JKgaJfM51xYgsAypFInoi","landlord140@example.com","Landlord","Paul","Langworth","311.511.2955 x14582","818 Jenkins Port",NULL,True,"2025-07-01 10:55:05.812+01","2025-07-01 10:55:05.812+01"
"c6292982-44c6-4bdc-94a1-19d3e202c033","landlord141","$2b$10$vTsTWvOuTVOpq7.InqTMcuofa73WzWr6lPwv9JS.3Qw8hGQXBcHK2","landlord141@example.com","Landlord","Gail","Paucek","1-411-269-0189 x96429","418 Arnulfo Haven",NULL,True,"2025-07-01 10:55:05.889+01","2025-07-01 10:55:05.889+01"
"8d57a76c-72ba-4632-a8be-3d90154ddb3e","landlord142","$2b$10$.MnZcnY02WGb47xUBNccMOzJcc5ZbHXasbyKcgJETfRcZIuh21u1a","landlord142@example.com","Landlord","Sophia","Kreiger","991-639-6230 x254","72488 Doyle Lock",NULL,True,"2025-07-01 10:55:05.965+01","2025-07-01 10:55:05.965+01"
"c5436a3a-fd5a-49a3-8447-616defc33d5c","landlord143","$2b$10$uyfiiGTVYTalrFS3jJCKruqnoDH2H7YlzyouL64O/kHyKZBd1kthG","landlord143@example.com","Landlord","Kennedy","Wisozk","282-245-6069","89952 Beer Cliff",NULL,True,"2025-07-01 10:55:06.037+01","2025-07-01 10:55:06.037+01"
"f58ec465-0756-473b-b0df-263201d21805","landlord144","$2b$10$r2GGHYmDV5ffkJMM/YutVOVwWCeJ.jghQufLu1IDPY3Kq27igqdpi","landlord144@example.com","Landlord","Matt","Hirthe","(417) 746-5718 x48921","947 Marielle Pass",NULL,True,"2025-07-01 10:55:06.111+01","2025-07-01 10:55:06.111+01"
"43d2eaef-82ec-4a5d-a54d-3f1396ddebde","landlord145","$2b$10$tvX2W5Bduu8Bh0qbXn7EruIAgUW04NJnfgTDVsO1WGyTzLKzFnX2q","landlord145@example.com","Landlord","Mike","Sauer","673-429-4627 x034","992 Ransom Center",NULL,True,"2025-07-01 10:55:06.186+01","2025-07-01 10:55:06.186+01"
"ecdb22bd-d43f-475d-a94b-5788ddc36006","landlord146","$2b$10$ECRprI5EJxHorhh/e78K0.VHyIT.gE4PZyyAK8meHhaMW0XvIr0nO","landlord146@example.com","Landlord","Griffin","Bayer","1-902-518-4475 x98776","3805 Ondricka Avenue",NULL,True,"2025-07-01 10:55:06.259+01","2025-07-01 10:55:06.259+01"
"2daca64b-cfc4-465b-8b96-97d62854160d","landlord147","$2b$10$FQfUaKyHDA.ncRlEu4U/8OMUUDvC8gBi9abieF1p.HWP2LoYwWBDW","landlord147@example.com","Landlord","Jabari","Nicolas","725.404.6607 x79085","110 Gina Wall",NULL,True,"2025-07-01 10:55:06.33+01","2025-07-01 10:55:06.33+01"
"68929c27-59dc-412c-b197-e68cdb0c6ffb","landlord148","$2b$10$PGsUvr2anz7RdkbXmf5eK./JjXQgnHSROf5LOhAponO5oKxFKfski","landlord148@example.com","Landlord","Rogelio","Kihn","1-816-844-8368 x43653","2951 Alexa Gateway",NULL,True,"2025-07-01 10:55:06.405+01","2025-07-01 10:55:06.405+01"
"13270564-55aa-4f20-9534-4f97cd554ec6","landlord149","$2b$10$gasO/9C19llOz.U5lNHZeeDZ7EkAS34SrpCXIcVUSxFSVzoDK9EEK","landlord149@example.com","Landlord","Moriah","Schmitt","(402) 451-4145","0986 Wava Stream",NULL,True,"2025-07-01 10:55:06.48+01","2025-07-01 10:55:06.48+01"
"b1c576db-e2e8-437a-a157-765834c51724","landlord150","$2b$10$gX/Yx9W.1zl/5dJkXvFO4u1ZCl93qy0aCMPiUSC6VgW8UprFKU.B.","landlord150@example.com","Landlord","Raul","Harris","297.475.7378","65154 Carter Shoal",NULL,True,"2025-07-01 10:55:06.553+01","2025-07-01 10:55:06.553+01"
"23f67e0d-6ee4-47ca-8b8f-5b28f77ae232","landlord151","$2b$10$X3VCDdh03mBEGwjL.oZR2.EiZQDKsRsbph4S3tBv3Gj68DX2LSZ2W","landlord151@example.com","Landlord","Dana","Ward","873-754-4660","386 Obie Cliff",NULL,True,"2025-07-01 10:55:06.63+01","2025-07-01 10:55:06.63+01"
"6c53dd56-e499-485a-8861-edb400f8596f","landlord152","$2b$10$VC/S3CDj96R4ULr9T/o35unsWFHBNLHpVWH26jQKPP3HXCG.rYjV.","landlord152@example.com","Landlord","Ottilie","Buckridge","(922) 634-3803 x7263","821 Cummings Ramp",NULL,True,"2025-07-01 10:55:06.705+01","2025-07-01 10:55:06.705+01"
"2755fa86-7d75-4a0a-98e3-639b2e2f9503","landlord153","$2b$10$W2O39n.UuFmd0FRAQcnExuaacZD/I74BzQIMlwCpjw/LGe6NUBmkO","landlord153@example.com","Landlord","Oceane","Kessler","666.904.1712","04865 O'Connell Parkways",NULL,True,"2025-07-01 10:55:06.838+01","2025-07-01 10:55:06.838+01"
"ea657fb0-aee2-4320-aae6-bbf255b18da1","landlord154","$2b$10$nf/7n0uPn5z5Iw4hw2X.DeO7u4/lGCSyaRgFG2BtEPcrdUW6Jv4Fu","landlord154@example.com","Landlord","Domenick","Marvin","1-752-294-9376 x8578","946 Grimes Divide",NULL,True,"2025-07-01 10:55:06.914+01","2025-07-01 10:55:06.914+01"
"a41ccb94-d05e-4b80-aa22-aafd1b000543","landlord155","$2b$10$oamg7.CjA1KLDikalQLFQ.1ORqIOUb1Q.mrEldtiPuwvJguI/kadO","landlord155@example.com","Landlord","Donato","Mayert","597.546.3362","62563 Sawayn Fields",NULL,True,"2025-07-01 10:55:06.991+01","2025-07-01 10:55:06.991+01"
"022b8410-1401-4521-a84c-ee66e8478b8a","landlord156","$2b$10$C.18PhYkLXGQEPoydqPsM.Bx3QCXplfmXYQ/RVlJLKr9xsgTEX0SS","landlord156@example.com","Landlord","Charley","Klocko","1-296-905-3507 x56869","07536 Corkery View",NULL,True,"2025-07-01 10:55:07.063+01","2025-07-01 10:55:07.063+01"
"1f91479c-3f76-47ec-b9f6-b12cc711f1af","landlord157","$2b$10$KGWvM0HXF5KscF2QXEmFV.ZwlGqLNSWP/KXADkERNySp80.OjAKre","landlord157@example.com","Landlord","Melany","Feeney","1-387-267-7126","88439 Parker Flat",NULL,True,"2025-07-01 10:55:07.133+01","2025-07-01 10:55:07.133+01"
"7f869f0a-a9f5-4d43-82c5-96b2cbbcd977","landlord158","$2b$10$dePndjwSbnqeCIm.Se92ZuY7UkgEYnk0zRCeW2rPCNyTyKBieZcty","landlord158@example.com","Landlord","Orval","Farrell","1-474-412-6483 x710","493 Nolan Pine",NULL,True,"2025-07-01 10:55:07.208+01","2025-07-01 10:55:07.208+01"
"02be31a9-e2ee-4413-9897-cf28ea3b14b3","landlord159","$2b$10$DAj0L8sNfS0bpOt1igNcB.KaQwvMrB2t3f90Ca2jDwdcUvd//qrTK","landlord159@example.com","Landlord","Imogene","Beier","558.745.4317","51287 Giovanny Pass",NULL,True,"2025-07-01 10:55:07.29+01","2025-07-01 10:55:07.29+01"
"6403e7e3-e0cb-4fe6-a913-aac7d3b4b984","landlord160","$2b$10$Az00qNfJiFJ0Dqa7D.CLTefqT4OAUftc2DkxrauqaU9AspEm8SQX6","landlord160@example.com","Landlord","Deron","Runte","(469) 686-6244","60712 Hirthe Brooks",NULL,True,"2025-07-01 10:55:07.363+01","2025-07-01 10:55:07.363+01"
"d727c78f-0266-46b0-8988-93e7c8dbcd04","landlord161","$2b$10$AlR11mddoGrGiTfU.4ALnuJaQSIZygTMxhm5ne2kHF3p2Gc24pY62","landlord161@example.com","Landlord","Carlee","Crist","705-247-0393 x069","5878 Zack Plaza",NULL,True,"2025-07-01 10:55:07.434+01","2025-07-01 10:55:07.434+01"
"33ec3acb-7d04-4b91-8579-6a751aeab922","landlord162","$2b$10$.iaxd/n5Z.qDGUsP7OVmtuXuszVQcVZiUHT80VS7i7oDjAkupc1fW","landlord162@example.com","Landlord","Georgiana","Keeling","287-525-9431","0409 Maia Ports",NULL,True,"2025-07-01 10:55:07.506+01","2025-07-01 10:55:07.506+01"
"2f4b45a6-445e-4e93-9c80-c240fd23abeb","landlord163","$2b$10$ib1FNGOIX8FEUvgPd3143.bWVIyVC8is2VpZVCLtRXdo/U9PqEL/O","landlord163@example.com","Landlord","Alexane","Mann","568-247-1003 x31332","8779 Mraz View",NULL,True,"2025-07-01 10:55:07.572+01","2025-07-01 10:55:07.572+01"
"5d6f38ea-2159-460c-890e-081c04df4963","landlord164","$2b$10$smOl.sIwxfKdDNtvFkjAMeurvDOpExA/iF6H6gckyohfwkWnumZCC","landlord164@example.com","Landlord","Kira","Pouros","336.867.3162 x8653","7533 Schmitt Route",NULL,True,"2025-07-01 10:55:07.639+01","2025-07-01 10:55:07.639+01"
"51b95406-e02d-476c-b463-e15d2aaaa7aa","landlord165","$2b$10$4u6oerjLv82dt0G1u3Cd2euHvIIGzashpoQOIjz6We3.7jtGaInQm","landlord165@example.com","Landlord","Casper","Boehm","1-236-878-6473 x2056","59765 Katlyn Stream",NULL,True,"2025-07-01 10:55:07.705+01","2025-07-01 10:55:07.705+01"
"bd758543-1cab-4fc0-acf4-7d114152ed57","landlord166","$2b$10$csAu6ki34NvOKfC.rDoSOOPnB7x5E1S4vBoB11ruWgheQmCP2/yge","landlord166@example.com","Landlord","Heloise","Doyle","1-731-325-7714","02140 Moriah Vista",NULL,True,"2025-07-01 10:55:07.771+01","2025-07-01 10:55:07.771+01"
"0cbad759-65cf-4b8f-b414-011396a72b9b","landlord167","$2b$10$WrlizUqhKaKzB9j7Mb1aeeGIE/JXQTROz9LNUACGCwzn5wqOJABrK","landlord167@example.com","Landlord","Ronny","Shields","1-351-580-4253 x03606","5083 Karson Glen",NULL,True,"2025-07-01 10:55:07.839+01","2025-07-01 10:55:07.839+01"
"9b43f98c-6b58-4938-80be-bd0f48f941a1","landlord168","$2b$10$FJu5NhEvA64WXJKWiUEJ6.A9dVXXMA9DEsz2jL82NaWz9FvPf6osG","landlord168@example.com","Landlord","Vickie","Kihn","(768) 863-3800","361 Adrienne Place",NULL,True,"2025-07-01 10:55:07.919+01","2025-07-01 10:55:07.919+01"
"686af5b0-4bd6-4b7d-ba32-03dfa3295f43","landlord169","$2b$10$f96lBQLXT046aj7WmOzK0uiROJbRnaFDf3irR78rliOKx/R9unrIG","landlord169@example.com","Landlord","Yoshiko","Mosciski","788-511-4406 x098","2525 Josefa Crossroad",NULL,True,"2025-07-01 10:55:07.999+01","2025-07-01 10:55:07.999+01"
"1efd225e-59ac-4a31-8e64-eb74cded5691","landlord170","$2b$10$aSlRc9Pt5Jg.VFqR0l7zRepEt95XqoMUkQAMsrU8Up/0fg45SUk6C","landlord170@example.com","Landlord","Eli","Weimann","1-583-241-1066 x7552","585 Bailey Branch",NULL,True,"2025-07-01 10:55:08.08+01","2025-07-01 10:55:08.08+01"
"6adb93ae-0393-4173-b3ea-0bd93c189ebf","landlord171","$2b$10$VA1fENaS1t4q4lJvogp/hen.OcGXJqCsGkJj/D38f1Vus1PeNFuhC","landlord171@example.com","Landlord","Zachariah","Reichel","(209) 665-2014 x68248","5753 Schneider Street",NULL,True,"2025-07-01 10:55:08.151+01","2025-07-01 10:55:08.151+01"
"1b8f7a42-cf34-4922-9f83-bd8238fc9d91","landlord172","$2b$10$9hlD/TI6mpYpeuyAl0SOAOtX1ZXvy7Ki9TulyYxuQImBD6WBUNrzm","landlord172@example.com","Landlord","Christiana","Aufderhar","758-851-6262","4992 Ruby Tunnel",NULL,True,"2025-07-01 10:55:08.225+01","2025-07-01 10:55:08.225+01"
"91d6b2ec-48c3-4a66-846e-0f2260385f67","landlord173","$2b$10$uil1C2aPfx3LQ3.kUZ2VAems9cjf61afiGc8UhBUdB3WfjToLQYfG","landlord173@example.com","Landlord","Alysa","Parker","1-466-543-3681","91273 Hintz Field",NULL,True,"2025-07-01 10:55:08.298+01","2025-07-01 10:55:08.298+01"
"f0ed10d4-8315-4a49-bf2b-8acf77f7fe67","landlord174","$2b$10$lIezWtHZoQbp65hhUVHWW.8YqnUBzEP.EnlatpN.6M/3NRrK0xgLC","landlord174@example.com","Landlord","Abdul","Turcotte","530-759-8544 x787","5107 Mallie Hollow",NULL,True,"2025-07-01 10:55:08.378+01","2025-07-01 10:55:08.378+01"
"030be384-1e52-486d-87be-cebb0b336b4b","landlord175","$2b$10$L7cbdgOaSVfAFAeYgJGQ0OZcRoB1BrQGrdgmaQdjgYO9utrNuZ.zG","landlord175@example.com","Landlord","Raegan","Dickinson","(616) 397-8021 x639","768 Maximus Lodge",NULL,True,"2025-07-01 10:55:08.455+01","2025-07-01 10:55:08.455+01"
"c744ab5a-d7b0-4ad4-bd1e-f4027e5c25a2","landlord176","$2b$10$XXTpZSNnN7eM5NtOfjIeB.puWBRhbFfI2Uq42HiNErY6wxSN/d92q","landlord176@example.com","Landlord","Ashtyn","Fritsch","(942) 984-8980","0532 Zemlak Pike",NULL,True,"2025-07-01 10:55:08.532+01","2025-07-01 10:55:08.532+01"
"08f58396-d605-4a9f-8516-540127795e66","landlord177","$2b$10$54H6Ew1DMUl5zvEx4jxniOjdEeByRUAmWyUF9Xr7u31TR4waLL4/W","landlord177@example.com","Landlord","Oren","Herman","(651) 392-5023 x749","814 Wayne Grove",NULL,True,"2025-07-01 10:55:08.61+01","2025-07-01 10:55:08.61+01"
"7b91048f-3152-486d-b298-bf2881e2d391","landlord178","$2b$10$7Kt3cGNFYdc52t0MifWXdezVXUheGIv5hX3l9v9zbtEmFrdZOOPdG","landlord178@example.com","Landlord","Braeden","Heidenreich","1-624-890-6288 x932","894 Keven Loop",NULL,True,"2025-07-01 10:55:08.686+01","2025-07-01 10:55:08.686+01"
"7179c666-723d-43ee-8611-4e6b93888fa5","landlord179","$2b$10$SKEEn990j7Mi3BTZkc.E0O/wYakc/XuacKPNhAW3Fw5gMsFz0fFcO","landlord179@example.com","Landlord","Beryl","Wolff","747.876.5544","79175 Jena Fort",NULL,True,"2025-07-01 10:55:08.756+01","2025-07-01 10:55:08.756+01"
"6ef1b126-7861-4550-9bbd-9f1e8462f01f","landlord180","$2b$10$rBbP5mRxZlVW8tD.OV192.Qw9KI5pb7mRG5r2Bspk5fQkBc6vInqm","landlord180@example.com","Landlord","Deven","Crooks","1-803-324-2279 x914","003 Lynch Inlet",NULL,True,"2025-07-01 10:55:08.83+01","2025-07-01 10:55:08.83+01"
"b23f6655-c422-4264-90a3-527088aadcfb","landlord181","$2b$10$56BflVmsPdR.qtpeUMw4beGRz8UmmjARpdXW6uSdmNf/iMlp7dXf6","landlord181@example.com","Landlord","Glen","Ward","(934) 855-6137 x3585","4027 Weissnat Island",NULL,True,"2025-07-01 10:55:08.903+01","2025-07-01 10:55:08.903+01"
"28c79b2b-67db-49c4-8e61-ff5f0bf63af1","landlord182","$2b$10$3KXDovrIAlt1cquaNCohh.5wxthBow0KPNbDsXAU8Bnt8ymAKyho.","landlord182@example.com","Landlord","Juston","Vandervort","582-504-4853 x09128","307 Beier Course",NULL,True,"2025-07-01 10:55:08.974+01","2025-07-01 10:55:08.974+01"
"55d4d7a5-2c16-41e3-98d6-17e9a6c66d75","landlord183","$2b$10$DLDtOEaujMlSfkG/FYnNhO4iKp05cr0li5Bb9drjPTMYhdhHR/hpO","landlord183@example.com","Landlord","Ahmad","Cassin","440.536.6445","055 Mya Estates",NULL,True,"2025-07-01 10:55:09.045+01","2025-07-01 10:55:09.045+01"
"e93d27f1-0a22-4794-8aec-2795a1e783ec","landlord184","$2b$10$kq3R3MTk01tWUm1brGUSdeoAFdqcr9Cq2gtjtFhynJC3Z/4Mp5Z72","landlord184@example.com","Landlord","Rossie","Wiegand","598-733-3480 x951","760 Bria Coves",NULL,True,"2025-07-01 10:55:09.115+01","2025-07-01 10:55:09.115+01"
"fec4dae4-6b81-4f62-8b46-2316dabf911c","landlord185","$2b$10$Zufws//4N0HouwBHTsNNnOP2Nn6Ly.Nw/rMS7mNSJv3.3o5pWsP4u","landlord185@example.com","Landlord","Ariane","Ruecker","568-909-3579 x206","832 Deshaun Prairie",NULL,True,"2025-07-01 10:55:09.191+01","2025-07-01 10:55:09.191+01"
"e470b904-fca4-4956-8469-ab71a32facb1","landlord186","$2b$10$wGv2jG1FLSyw./ShrJhXmeu9aowQ4.V7QMoJF7qbTN78OZ3C40e/6","landlord186@example.com","Landlord","Theo","Paucek","830.949.1032 x0294","0905 Joyce Villages",NULL,True,"2025-07-01 10:55:09.27+01","2025-07-01 10:55:09.27+01"
"42115413-410b-4483-86f1-642f5735321b","landlord187","$2b$10$IxDTvD9DSyiPZSY2N8MF2Ovj82ALphiZUo.LO6ub2CawkZLAR01c2","landlord187@example.com","Landlord","Alessandra","Parisian","381.832.9346 x852","3969 Kunze Circle",NULL,True,"2025-07-01 10:55:09.346+01","2025-07-01 10:55:09.346+01"
"5180aaa0-d832-4dde-a765-91605cc2b057","landlord188","$2b$10$jmX4t4DgMYuE3E3k.JdFJ.yvd4/vNJqcwdrXgttycUKp2lWRzwB1m","landlord188@example.com","Landlord","Marcel","Beer","1-855-871-3731","44029 West Branch",NULL,True,"2025-07-01 10:55:09.422+01","2025-07-01 10:55:09.422+01"
"65f25c25-9adb-4b96-a9c2-8604371c504b","landlord189","$2b$10$toM9EKKVEkVJuJK5MgX3WeBY1koN1xDNuK26aPk8ARIppsAD0XabK","landlord189@example.com","Landlord","Armani","Mueller","213.500.0939","27563 Senger Burg",NULL,True,"2025-07-01 10:55:09.502+01","2025-07-01 10:55:09.502+01"
"5b109691-ca61-40aa-b67b-afcdaee55534","landlord190","$2b$10$kcEnQSfFErSsz/zQK1yOi.n2RYMJ3F0jKKrhVOjv/7NkEu0T5S1w6","landlord190@example.com","Landlord","Nayeli","Lueilwitz","341-973-1479 x1550","3928 Morissette Bridge",NULL,True,"2025-07-01 10:55:09.577+01","2025-07-01 10:55:09.577+01"
"ca06f49f-a218-4275-b16e-857ab2ba1bd4","landlord191","$2b$10$iknn/UOhqwtbiWpIznrzYO5P9uilc3qfperOhjxb3.6AotuTL5XDS","landlord191@example.com","Landlord","Fred","Nienow","1-505-446-1780 x16172","0036 Grimes Camp",NULL,True,"2025-07-01 10:55:09.646+01","2025-07-01 10:55:09.646+01"
"80637430-cd33-44db-9057-8daf9e85b4ca","landlord192","$2b$10$.0mz71xmVybFYDvBmCenReGP.ajukjK//xtRQF1Bqkm/pgY.DyD3K","landlord192@example.com","Landlord","Fay","Bruen","1-770-524-7489 x5823","918 Ferry Cliff",NULL,True,"2025-07-01 10:55:09.715+01","2025-07-01 10:55:09.715+01"
"8ac1636d-9696-4bad-8554-87c1cb36b52b","landlord193","$2b$10$jwXMLRAH9yiuGiJ0fQVL3OitLW0ZK4rpXnsU6JiJiISxksn.JEhIi","landlord193@example.com","Landlord","Clementina","Jaskolski","368-748-5648 x7565","64745 Muller Springs",NULL,True,"2025-07-01 10:55:09.784+01","2025-07-01 10:55:09.784+01"
"08cff166-76b2-4827-932e-c24ccc3dc885","landlord194","$2b$10$/XKaYklJdf3AM7l4i6R2UeyydwXQjAsCK7F6G0bVKiK/mz3I6HZzu","landlord194@example.com","Landlord","Leann","Schaden","(813) 269-2318","597 Adah Spring",NULL,True,"2025-07-01 10:55:09.851+01","2025-07-01 10:55:09.851+01"
"edb0e851-e213-44df-8e52-a600b36595b3","landlord195","$2b$10$TEMrKytR/bvkXO4ICvtNGuw6k/UbMqaQLlJGZd09sy0ofyjgfmP9i","landlord195@example.com","Landlord","Tremaine","Hettinger","(735) 560-7478 x56535","5630 Lillie Club",NULL,True,"2025-07-01 10:55:09.916+01","2025-07-01 10:55:09.916+01"
"c44c143a-81f0-420e-b341-eb0e60584d4c","landlord196","$2b$10$QXAbx20ZyiDWS0YukqasEu6zwsCG8sL.Aw.Z83USjMphZEU.7a/i2","landlord196@example.com","Landlord","Bernita","Schimmel","993.664.7683 x850","3021 Wisozk Mews",NULL,True,"2025-07-01 10:55:09.987+01","2025-07-01 10:55:09.987+01"
"d828817e-bf9e-4444-887b-e1c5d7219a32","landlord197","$2b$10$Pt0RWtFcfVpIq.e.ENrMLu9AKp8Saj2WVKjeq.Up3OF.3tlpClrrC","landlord197@example.com","Landlord","Myrtis","Bergnaum","(418) 793-6535 x44700","4025 Ratke Spur",NULL,True,"2025-07-01 10:55:10.073+01","2025-07-01 10:55:10.073+01"
"a5d72ed8-4be3-4c6b-9985-38820c8dc413","landlord198","$2b$10$PzsElrKKXzr7vss07wkHkenAqAuVPWFFerysUmqYogQ5oS3g35/m2","landlord198@example.com","Landlord","Alysa","Strosin","647-659-0829 x78966","4458 Kunde Lock",NULL,True,"2025-07-01 10:55:10.155+01","2025-07-01 10:55:10.155+01"
"84e2cb97-65a2-49a9-99b5-d644eab46459","landlord199","$2b$10$sYMSxtk5dVvzWLd2wSx8Ne3ROABWRLQ7yEHv4hcLw5OI7uoRdUI..","landlord199@example.com","Landlord","Helene","Kuvalis","1-729-509-2327 x4854","450 Bailey Mill",NULL,True,"2025-07-01 10:55:10.232+01","2025-07-01 10:55:10.232+01"
"934e8f62-a10e-47ed-b3b6-d9e9ff222e83","landlord200","$2b$10$4ThlyZ8cdb.lsjd79lRXDO0QoGV7OcrMAFWOms9aBpHC0wlZsdYFS","landlord200@example.com","Landlord","Reggie","Bogisich","(649) 424-5100","887 Brett Rapids",NULL,True,"2025-07-01 10:55:10.303+01","2025-07-01 10:55:10.303+01"
"941c73c1-158c-4261-b34a-0d8bcce320c1","landlord201","$2b$10$tomMJY1tTmJxnod05RV0aOmOwzBkneJerdLe.43Snmk8ghC6f3rqO","landlord201@example.com","Landlord","Nikolas","Lindgren","382-730-6146 x412","00635 Kadin Ridges",NULL,True,"2025-07-01 10:55:10.383+01","2025-07-01 10:55:10.383+01"
"1f362b31-4777-4611-b4ec-9137ab80854a","landlord202","$2b$10$mxPFgPn3hd6cErpEOgUiPuLYbooG29VOPO70akMtTulWS9KFBKSb2","landlord202@example.com","Landlord","Stephen","McCullough","600-502-8870 x48782","8329 Kylie Plains",NULL,True,"2025-07-01 10:55:10.457+01","2025-07-01 10:55:10.457+01"
"891d34fc-503c-49c7-91f5-ef5fc793cfa4","landlord203","$2b$10$oL5TWlDAD4H7UWd6Z.PWV.zQOVJq.yqL/HbiBPmijHK3.6ahcWElK","landlord203@example.com","Landlord","Anjali","Lehner","(626) 255-5716","07613 Paucek Oval",NULL,True,"2025-07-01 10:55:10.528+01","2025-07-01 10:55:10.528+01"
"686f413a-5b8c-4f1c-92fc-580461e56469","landlord204","$2b$10$T5ow.2dH8bpMi4pGYcLKluo7FuNCLewlLX8sQ/fUwQajsKjPZwZyq","landlord204@example.com","Landlord","Tristin","Barrows","267-655-1126 x722","57875 Aliyah Lakes",NULL,True,"2025-07-01 10:55:10.597+01","2025-07-01 10:55:10.597+01"
"28ef1119-272c-435e-af13-1922ae5e76b6","landlord205","$2b$10$QzXqzWKHDknX6eAoNMniWOxpoiKLknI6CBOW36hnBgLSSSX.7t3QO","landlord205@example.com","Landlord","Abe","Moen","(688) 528-7778 x00923","549 Abigayle Course",NULL,True,"2025-07-01 10:55:10.667+01","2025-07-01 10:55:10.667+01"
"3ff97950-5f4b-45da-9336-820a5b408c13","landlord206","$2b$10$DN//5tBSskH0IQ/uzNcjF.oAP6hzVsszFxMRCmGGcmCBXQulcUu1e","landlord206@example.com","Landlord","Monte","Hintz","(888) 316-0146 x8232","82440 Toy Lock",NULL,True,"2025-07-01 10:55:10.744+01","2025-07-01 10:55:10.744+01"
"58ea70eb-2bcb-44a2-8dc7-7977da0088d4","landlord207","$2b$10$QRYAd2lnEt3sul1tP/YDPuoquWt5cohNKJhRB65tPNMhQWMKcTwLG","landlord207@example.com","Landlord","Casey","Wyman","893.308.6434 x024","9717 Sherman Village",NULL,True,"2025-07-01 10:55:10.825+01","2025-07-01 10:55:10.825+01"
"b4c3b197-6932-4761-8af1-e64ffa422b30","landlord208","$2b$10$r865uT/c7sg.8dIkEU/AdOmlTCnytC7whVTWP6fHa8fRkrlCW4y9i","landlord208@example.com","Landlord","Domenick","Kemmer","(893) 346-8339 x8450","749 Ruby Ranch",NULL,True,"2025-07-01 10:55:10.9+01","2025-07-01 10:55:10.9+01"
"c0ef3120-6797-4428-aee3-c6582add51d5","landlord209","$2b$10$9seJjHnOBjFmAvbKn/UCt.el0qgEvT4a1jgdO1vVYzqm9Dvy0SjD.","landlord209@example.com","Landlord","Nat","Davis","344-661-9486 x96491","92578 Moses Corners",NULL,True,"2025-07-01 10:55:10.979+01","2025-07-01 10:55:10.979+01"
"7caac54f-f01c-4a5a-9d49-0d575f1749ec","landlord210","$2b$10$/VemY8lZyNj5R3MkOZenR.yr54aMugbc3PKwlfv5E7S16sqFLqQw6","landlord210@example.com","Landlord","Rosalia","Rolfson","576.859.9460 x9459","3324 Germaine Locks",NULL,True,"2025-07-01 10:55:11.061+01","2025-07-01 10:55:11.061+01"
"cedf64bd-8cec-4774-a183-3485d88b4a51","landlord211","$2b$10$ZCfa8gsb58IOmmsBBQoSQ.sloNLuKumpjWI5YOtg5.0vsjRMHkb3O","landlord211@example.com","Landlord","Dayana","Gaylord","(677) 739-1805 x8517","57496 Kunze Mountain",NULL,True,"2025-07-01 10:55:11.141+01","2025-07-01 10:55:11.141+01"
"c87815a9-1a18-4195-ab4d-f5dcf690352b","landlord212","$2b$10$kg14P120G6EiqzM637w8Mu5ppxSBbsJMocSCDBq.gJpB4xRQNhL7i","landlord212@example.com","Landlord","Griffin","Roob","315-320-0126 x594","6281 Goyette Locks",NULL,True,"2025-07-01 10:55:11.213+01","2025-07-01 10:55:11.213+01"
"62c7e326-7bfe-48e2-bb05-212596f5f5d8","landlord213","$2b$10$dOA44fa7nfRLP6GKyPPkAe6J08TJhuxpVSsbxtz1VwENwX1bCE5yG","landlord213@example.com","Landlord","Linnea","Crist","(272) 245-6823 x8834","22155 Herzog Squares",NULL,True,"2025-07-01 10:55:11.28+01","2025-07-01 10:55:11.28+01"
"247bb63a-8bd7-4103-b574-b69aeb28edf4","landlord214","$2b$10$w/xKuseCp4mhIDdSeF0HS.aP4Jx7MY9rS0dL6NbkZeV/dne59p/Su","landlord214@example.com","Landlord","Austyn","Nicolas","(540) 381-7077","30722 Jacobi Tunnel",NULL,True,"2025-07-01 10:55:11.348+01","2025-07-01 10:55:11.348+01"
"8471e54f-cf92-4b1a-80db-81a246b8d471","landlord215","$2b$10$Ey3xCHLywWThxqNyAiKt3u8tDXE9s5ywfkfn8oVGsRBNKoaswz7je","landlord215@example.com","Landlord","Benjamin","Bruen","508.404.5045 x203","246 August Stravenue",NULL,True,"2025-07-01 10:55:11.434+01","2025-07-01 10:55:11.434+01"
"3468be0e-ad90-4f18-9e1e-f21152529153","landlord216","$2b$10$71ZHlEteXBKLaQvhye9a8O4yVoNP/gtiStSSwjV3blPPxQ1PjmTKC","landlord216@example.com","Landlord","Pablo","McGlynn","(847) 661-6905 x594","7394 Koelpin Roads",NULL,True,"2025-07-01 10:55:11.515+01","2025-07-01 10:55:11.515+01"
"e7b0c078-ed65-439f-85a7-900900ff6926","landlord217","$2b$10$HkF9h39fQa.7UZdVPGV70OUqCpqIETeUf3AOXQ5QxxYl5e.VqJBBW","landlord217@example.com","Landlord","Danika","Champlin","211.629.9008 x161","339 Shany Viaduct",NULL,True,"2025-07-01 10:55:11.592+01","2025-07-01 10:55:11.592+01"
"8da6e869-95c7-46e4-930b-58219acd86b0","landlord218","$2b$10$XyYjM7eRcgc0ROhZTG4eWOlL5w0ng7gNbAKiMo24aXq.xooiEw0OO","landlord218@example.com","Landlord","Adolf","Larkin","(739) 962-2183 x6948","89710 Zakary Roads",NULL,True,"2025-07-01 10:55:11.664+01","2025-07-01 10:55:11.664+01"
"8defc579-bbf8-4bf5-a898-4a93fae806f2","landlord219","$2b$10$1.S2quZVPEOp7tdGgH/RbeYCnON33oRNXgyZAQyw0kXBGZVkS9qMG","landlord219@example.com","Landlord","Zachery","Quigley","1-357-317-6234 x6835","62065 Reina Plains",NULL,True,"2025-07-01 10:55:11.733+01","2025-07-01 10:55:11.733+01"
"23451dde-5c8d-450e-8e06-e1082e13fed5","landlord220","$2b$10$0yTIQlqFhdGnfkh8g2jLHOh.KVzk1mOS1o0h9mYT/lBysaeKeJvvG","landlord220@example.com","Landlord","Kenyatta","Grimes","1-588-373-5628","4922 Stephanie Rue",NULL,True,"2025-07-01 10:55:11.814+01","2025-07-01 10:55:11.814+01"
"138d34e8-b889-4a27-b419-4352ef371604","landlord221","$2b$10$uewtMOHKMXSEoeARlSWG7OsF/4OdnXAGUtBphsaKzDjlEWcCtW8Uu","landlord221@example.com","Landlord","Dell","Little","(838) 899-8884 x601","7346 O'Conner Hill",NULL,True,"2025-07-01 10:55:11.888+01","2025-07-01 10:55:11.888+01"
"b76d9b9f-7bc6-42aa-a55e-b22a51f9c3c4","landlord222","$2b$10$83HAqft4n9VpdmYlAlalFuZz8S/f83OAidr9AEsKeRWNHqxJzUyWm","landlord222@example.com","Landlord","Cecelia","Mitchell","304-318-5689 x2719","45452 Mikel Cliffs",NULL,True,"2025-07-01 10:55:11.964+01","2025-07-01 10:55:11.964+01"
"2b3dbf7b-5305-4d6e-9565-999fb73a9fd8","landlord223","$2b$10$1Hd/3IhWImlCcu6SXpwFHuHMnDwP.07/cEFCVk9H1YMgEAc1cXgUe","landlord223@example.com","Landlord","Riley","Reinger","409.912.8042","25724 Ivy Villages",NULL,True,"2025-07-01 10:55:12.034+01","2025-07-01 10:55:12.034+01"
"73b30297-1ed9-4ae9-b819-6a97bd5adb26","landlord224","$2b$10$mHAKAe5UHt29Muvo27QtJeel46KZw29SiDGYhEHuzi7oHkFdjgeRa","landlord224@example.com","Landlord","Howell","Nikolaus","(831) 617-7608 x14818","1811 Tiara Canyon",NULL,True,"2025-07-01 10:55:12.106+01","2025-07-01 10:55:12.106+01"
"8cbee580-0049-4f6e-8f0c-b34a58e5bc0f","landlord225","$2b$10$JGkA09qvI7bYsy2QHyFRgOEYDY4LTYDgHn9c0OyWMBEYpDidIb.4O","landlord225@example.com","Landlord","Arthur","Wilkinson","1-276-352-8217","79453 Morgan Hollow",NULL,True,"2025-07-01 10:55:12.178+01","2025-07-01 10:55:12.178+01"
"b750aaa0-0a5e-4ede-93d6-cd299643ea5c","landlord226","$2b$10$kdWNhRjPPTtFQULM7GuwLubN3O9kaM0JRLNwuWnHQhNSVU4g2aH0W","landlord226@example.com","Landlord","Madaline","Lemke","364-240-8568","3112 Paucek Ports",NULL,True,"2025-07-01 10:55:12.248+01","2025-07-01 10:55:12.248+01"
"cc9ac1b8-dc48-49df-8519-d2146afb515c","landlord227","$2b$10$zQ69ZjLtsncVJnzkfRDeIutYzsBpIaRHAMLbug8d2LXI.N.sHyZRO","landlord227@example.com","Landlord","Lempi","Baumbach","(222) 911-9529 x332","6948 Durgan Club",NULL,True,"2025-07-01 10:55:12.316+01","2025-07-01 10:55:12.316+01"
"f5bf1346-5c5d-4ead-9eb2-e5fb468d7ffa","landlord228","$2b$10$tjBukbENww.teRmfrkx/luj0dYI97kexgeHCYMkgKJs6QcvId/Szm","landlord228@example.com","Landlord","Emile","Renner","(559) 740-7472 x9603","1036 Howell Spur",NULL,True,"2025-07-01 10:55:12.399+01","2025-07-01 10:55:12.399+01"
"e963c444-6ca7-4b5c-ab11-c13d7fa3aeed","landlord229","$2b$10$J0Aptmb5FNYHVQQuGbmZSOCIZ5LV6OI84zhNIZurfRCp/SG8LCmzy","landlord229@example.com","Landlord","Michel","Schmitt","1-225-349-6307 x799","08664 Towne Stream",NULL,True,"2025-07-01 10:55:12.474+01","2025-07-01 10:55:12.474+01"
"139e5527-0e1a-4ab4-b61b-c95be6c367ed","landlord230","$2b$10$nJqH4R1qWwFkYUwXV8yEmet8j3ohV/Vl5iNI/2vZl.FdCkiCv4lmG","landlord230@example.com","Landlord","Fernando","Homenick","449-718-4124 x983","3763 Thad Mountain",NULL,True,"2025-07-01 10:55:12.547+01","2025-07-01 10:55:12.547+01"
"97032a31-e52a-40df-beec-9f2a15b1e3af","landlord231","$2b$10$dfoKyG3cFzGGHBaMVTAb1.ehjL7GBv8whqIKah5DW6MLzM2DqAnsS","landlord231@example.com","Landlord","Oren","Vandervort","(498) 200-8445 x716","98937 Considine Trail",NULL,True,"2025-07-01 10:55:12.614+01","2025-07-01 10:55:12.614+01"
"bbe3244e-1609-497f-be9f-0ec1de3b1d4a","landlord232","$2b$10$oINPZ/.WhZsQMafKO/CCXeJPJtjzoPd5Yp4L.G1gWE6DZ0g3l3Bhi","landlord232@example.com","Landlord","Claire","Rath","507-367-6874 x376","4749 Skyla Land",NULL,True,"2025-07-01 10:55:12.678+01","2025-07-01 10:55:12.678+01"
"e0b62d88-1c50-4808-98cb-07588cc2ea61","landlord233","$2b$10$i9bzFMctSIY2O4/7SxkdTO68k07sBof.VIetI5/lidYL/hDsU8gpq","landlord233@example.com","Landlord","Erica","Dickens","557-566-6451","10157 Darryl Crossing",NULL,True,"2025-07-01 10:55:12.744+01","2025-07-01 10:55:12.744+01"
"c3f245e9-27f4-4072-81fb-f4db537e1b75","landlord234","$2b$10$7AKmeHU/MJPXiWCZRbgri.UMucfl08m921s2viA1EZzbqMYT6w0xS","landlord234@example.com","Landlord","Bailey","Wyman","994.955.9999","8893 Rosario Green",NULL,True,"2025-07-01 10:55:12.81+01","2025-07-01 10:55:12.81+01"
"99752d2b-2618-425f-9faa-52750b86c7b6","landlord235","$2b$10$p.J7OqLGpy/DAekKOibzfuqDpTkpNso9kED7BnXBnZavdFFBQHNpG","landlord235@example.com","Landlord","Sam","Ward","(456) 671-0162","81037 Streich Manors",NULL,True,"2025-07-01 10:55:12.876+01","2025-07-01 10:55:12.876+01"
"20bbff5e-b27d-407a-bada-e33a808b615f","landlord236","$2b$10$.2lgXFoIeLXgX1BqIlTgdOrxqt4AsC0SjBYn/SJG.AIYVTSrqB4qq","landlord236@example.com","Landlord","Aurore","Moen","(754) 563-2919","572 Adela Valley",NULL,True,"2025-07-01 10:55:12.946+01","2025-07-01 10:55:12.946+01"
"8ea22971-32cb-43b9-9652-f41006883c55","landlord237","$2b$10$AzxDY1tMU9Nrvk3pWvvvGufdzqlmY2PZLHx98eK5.TtbgqLWAs45W","landlord237@example.com","Landlord","Tom","Rodriguez","563-253-3616","45239 Rolando Center",NULL,True,"2025-07-01 10:55:13.013+01","2025-07-01 10:55:13.013+01"
"28744c80-3ee1-4fac-853d-8d0630ec56c9","landlord238","$2b$10$pK0Gl.TWAEV9vMtQETK12urc5lx/3anJnOeU0vA4/CB7u/LWf/Ndy","landlord238@example.com","Landlord","Urban","McLaughlin","726.585.9693 x8010","0519 Orn Rapid",NULL,True,"2025-07-01 10:55:13.08+01","2025-07-01 10:55:13.08+01"
"5e570769-a6d6-464f-a3e0-74b84637c977","landlord239","$2b$10$jV/HTn5778qJN15Ezy9Rtuy2g5YUtXW2rSdrbgZbrgdDx1pnBn/RG","landlord239@example.com","Landlord","Rosella","Conn","1-473-901-8973","572 Funk Cape",NULL,True,"2025-07-01 10:55:13.154+01","2025-07-01 10:55:13.154+01"
"436f9414-7d33-4b95-bba3-c462db1f956c","landlord240","$2b$10$RENITa/8c5OqwZsgzK9SveyYfvUGvb14AKXAjzf146ylNFdDsdmCG","landlord240@example.com","Landlord","Shanon","Lindgren","(872) 908-3033 x405","78488 Bosco Junctions",NULL,True,"2025-07-01 10:55:13.225+01","2025-07-01 10:55:13.225+01"
"7edb60ff-0c08-427d-b8e5-55b5a8f67abc","landlord241","$2b$10$L6Nz1jEBaeQ3MA2eGwjki.XyXpw4Pe.lehZ0dx1.OHgu7wmOqTkJa","landlord241@example.com","Landlord","Trisha","Smitham","886.749.5841","8108 Kautzer Turnpike",NULL,True,"2025-07-01 10:55:13.29+01","2025-07-01 10:55:13.29+01"
"bc016fdb-7d7b-479c-8ce2-ed8b9ae1eb9d","landlord242","$2b$10$KE0qqLVt9S/XBFCaadv.zOQ.dO.BG21/L8J4RHfBvqJGNJDdKhonK","landlord242@example.com","Landlord","Wilton","Macejkovic","731-599-3040","806 Wuckert Highway",NULL,True,"2025-07-01 10:55:13.356+01","2025-07-01 10:55:13.356+01"
"00fb3753-bdba-445e-b5fb-391b010d2320","landlord243","$2b$10$uSqq0g0dhT6rHW/giOcQreMub/PucOKEqyoSPao2dpTnZ3A4WcRya","landlord243@example.com","Landlord","Gudrun","Medhurst","868.453.2385 x126","0555 Grimes Walks",NULL,True,"2025-07-01 10:55:13.427+01","2025-07-01 10:55:13.427+01"
"8626050f-d091-4e30-b67c-c83b5faad3df","landlord244","$2b$10$unuI76xtiZN4de5mjTJnRuFeU8tzJbX4mFD6/hFdTZ3HJ4bkK9r4u","landlord244@example.com","Landlord","Trent","Schoen","1-281-293-6007","093 Anya Plaza",NULL,True,"2025-07-01 10:55:13.497+01","2025-07-01 10:55:13.497+01"
"01f18c9e-53a6-43dd-a7f9-66ff8211b8ae","landlord245","$2b$10$uCJcKiy/vv5Fv94DRNI.U.3okXgEoT.XxFy2FgWsbq3K7.xQpEBNq","landlord245@example.com","Landlord","Domenica","Medhurst","607-417-2058","73703 Boyer Fort",NULL,True,"2025-07-01 10:55:13.569+01","2025-07-01 10:55:13.569+01"
"f4a0e7ca-6683-4c56-9b14-b327d6269ee0","landlord246","$2b$10$E/v5YThdS9Zld9TfZBNYdu3/jz2bGHTNOOZ3jCv7KtV1eN4lvj/eu","landlord246@example.com","Landlord","Nyah","Mraz","543.964.3275 x9665","4409 Raynor Extensions",NULL,True,"2025-07-01 10:55:13.634+01","2025-07-01 10:55:13.634+01"
"09d672b5-519b-4f5f-952b-4604a9ddd9d1","landlord247","$2b$10$IPLGEdimp9R4ZFTxIdVUy.wHF5DUDgwo7Wk/sIsR9vPngPykA8Bba","landlord247@example.com","Landlord","Brice","Reilly","(708) 953-8737","55385 Obie Stream",NULL,True,"2025-07-01 10:55:13.701+01","2025-07-01 10:55:13.701+01"
"beaeb2b0-454c-40d2-98bf-898e5fe21822","landlord248","$2b$10$FLVHNyLlmdZgiL3b2wnU8.NDYvpYD8pqVH4qgLH3ZysOWqKyhbbcq","landlord248@example.com","Landlord","Maegan","Lind","1-374-772-8935","607 Xzavier Ranch",NULL,True,"2025-07-01 10:55:13.768+01","2025-07-01 10:55:13.768+01"
"f3f99eb4-4755-484e-98c5-96e6717a7584","landlord249","$2b$10$AMuFNtPH.N8inngL5QarcuMuUG4Fr37QBg9G8q9RgbEWJRslzvu5S","landlord249@example.com","Landlord","Sabrina","Durgan","1-681-567-2702","52756 Bruen Fall",NULL,True,"2025-07-01 10:55:13.835+01","2025-07-01 10:55:13.835+01"
"5279b467-b532-4127-b76b-d6d594057652","landlord250","$2b$10$gDiOGALxG5UT8IsPMcuGmOulRm2k0ufw05tr06AyYPWBCFEy1ZMeK","landlord250@example.com","Landlord","Kristoffer","Hyatt","1-512-551-5379","1342 Joanne Ridge",NULL,True,"2025-07-01 10:55:13.915+01","2025-07-01 10:55:13.915+01"
"328f0ea6-0e30-42ef-b3ac-bbbff8af8caa","landlord251","$2b$10$vk5.RdrcmdKihLEb4/TSG.tC6OLN2FpJOcWkF1jNQMdueoGTDXC4W","landlord251@example.com","Landlord","Karelle","Langworth","735-317-2359 x01728","8265 Heaney Place",NULL,True,"2025-07-01 10:55:13.99+01","2025-07-01 10:55:13.99+01"
"c678c004-a74d-478a-8e2a-1828040a72c3","landlord252","$2b$10$01tWVZms6nqG005R74X0dOFPF.rogi3mnR0hZfH60l6ITlvoSkFRO","landlord252@example.com","Landlord","Myrtie","Turcotte","(655) 758-5594 x910","98666 McClure Throughway",NULL,True,"2025-07-01 10:55:14.057+01","2025-07-01 10:55:14.057+01"
"62f16a77-8f63-4212-8cda-33fe4b754c60","landlord253","$2b$10$/7D.SgSZtJ8HQ70vQEcaEuETwUkA43SINCg6gaJKd4WnDOMmI/2ry","landlord253@example.com","Landlord","Marge","Gaylord","(315) 222-7752 x5471","792 Ephraim Isle",NULL,True,"2025-07-01 10:55:14.124+01","2025-07-01 10:55:14.124+01"
"5c069961-2515-45b5-8889-c2127f493548","landlord254","$2b$10$RIItsZW2gyRGkRlVzQT2Uenlg9Sr1zDc21oR/WtKwOZGPoxJLu1Hm","landlord254@example.com","Landlord","Brigitte","Kuhlman","(616) 291-3190 x431","2945 Bradly Shoal",NULL,True,"2025-07-01 10:55:14.193+01","2025-07-01 10:55:14.193+01"
"e270e3b5-6537-459a-aad2-f946bd3f8524","landlord255","$2b$10$gDTGnFAiP4Tij3v6iAyHp.Hk5ZBS1W5lIRfl/supbq9lRgQ5QJM0m","landlord255@example.com","Landlord","Nora","Hamill","1-201-724-9110","3841 Barrows Ways",NULL,True,"2025-07-01 10:55:14.259+01","2025-07-01 10:55:14.259+01"
"073cd2d3-4289-4e65-882c-fb6db505d760","landlord256","$2b$10$DrLxuSSHT/bEOu8zb8AyvukP9mcCoGLcAxPPXfRz7u6quRpRjNZcO","landlord256@example.com","Landlord","Emmett","Becker","506.350.6473 x197","402 Louisa Hill",NULL,True,"2025-07-01 10:55:14.324+01","2025-07-01 10:55:14.324+01"
"7cbff1c7-add2-4c8e-83a5-df252aebb042","landlord257","$2b$10$R3gvVKZgZYNx.2sbH14/eeekuyaI4zjthcvbsD4vUQa8mQTwL0mZm","landlord257@example.com","Landlord","Holly","Morissette","1-428-454-5650","13891 Thurman Ville",NULL,True,"2025-07-01 10:55:14.394+01","2025-07-01 10:55:14.394+01"
"b920c8d4-b243-4960-85d6-9b0cdb2f483b","landlord258","$2b$10$78tcaOg2Blj5Oz9PRfw1p.7y3U6l2q2O3vey0fdZntJ1SIgI8/ZyO","landlord258@example.com","Landlord","Ova","Quitzon","1-587-328-5476 x3030","50499 Boyer Village",NULL,True,"2025-07-01 10:55:14.46+01","2025-07-01 10:55:14.46+01"
"c547b1a2-1e80-4558-a4b2-7e55741b9bf7","landlord259","$2b$10$05ElDD4xEm.2EUEDMcLMXubPN3jmVuWI0N3Ob0pwvCmkxV5wgO2Xm","landlord259@example.com","Landlord","Tavares","Kunde","904.622.6983","55882 Zieme Centers",NULL,True,"2025-07-01 10:55:14.527+01","2025-07-01 10:55:14.527+01"
"c3c913eb-6081-4771-a33e-1710c6287679","landlord260","$2b$10$84PS0jzs5pUsSLXugW6KlOVQjfWJ6JYMya1GG893/X7BDr9LC/SoK","landlord260@example.com","Landlord","Wyatt","Marks","265.564.4357 x6866","96572 Keagan Rue",NULL,True,"2025-07-01 10:55:14.608+01","2025-07-01 10:55:14.608+01"
"0535a33e-d5ee-4d9d-a2ae-01a9089acbe8","landlord261","$2b$10$QavHVv/1eInUGc/K7Le6MuH/3EWUMKmfhwXyQhLsug1qoV2hM2J7m","landlord261@example.com","Landlord","Lorenza","Kihn","1-761-685-3517 x0397","4043 Reinhold Crossing",NULL,True,"2025-07-01 10:55:14.682+01","2025-07-01 10:55:14.682+01"
"dc153076-5350-434c-9e1d-78f05350d98e","landlord262","$2b$10$kblLBDDJmtj/0XjfX8pARuVvIDsJM52/ndmOH4lEK3Z5OnzNWAKBi","landlord262@example.com","Landlord","Cheyenne","Emmerich","1-210-240-4857 x265","6036 Althea Hills",NULL,True,"2025-07-01 10:55:14.747+01","2025-07-01 10:55:14.747+01"
"7206d32d-e4d5-4272-adc3-8a4b19a6b039","landlord263","$2b$10$3vuG.bxCSEKv23Z4W42Zkeu8YD30TgoLGrvxvwltczhF/bylliB8O","landlord263@example.com","Landlord","Cydney","Mills","221.842.7690 x34163","18004 Odie Inlet",NULL,True,"2025-07-01 10:55:14.814+01","2025-07-01 10:55:14.814+01"
"a9b32bfe-e3a0-4914-b9b1-414d0730f22a","landlord264","$2b$10$Pfa9YiY8l.ehBr8bnXOzCOkwjvDknqCBvjkrsxp/fNpjvv4qFBU26","landlord264@example.com","Landlord","Antonia","Walsh","(954) 266-1753 x968","501 Schultz Skyway",NULL,True,"2025-07-01 10:55:14.88+01","2025-07-01 10:55:14.88+01"
"54578b2b-2ba5-46c0-86e6-74ae25ea7e3b","landlord265","$2b$10$j6e/M70v9STxvPDr9P/kweXojc7Dd1WofRES8dBNNypGYOC0pERfG","landlord265@example.com","Landlord","Yazmin","Sanford","1-397-754-1001","02307 Marlee Fort",NULL,True,"2025-07-01 10:55:14.949+01","2025-07-01 10:55:14.949+01"
"484b1e9b-e67e-44c5-b63b-3be343b69e4c","landlord266","$2b$10$FQYQFPxz.wiypKFCAMHrQus2Z9YhR9FN0X.W3FtnCbiac6gjtECCa","landlord266@example.com","Landlord","Krystal","Fadel","(929) 602-6510","84649 Quitzon Throughway",NULL,True,"2025-07-01 10:55:15.015+01","2025-07-01 10:55:15.015+01"
"b2b0eef7-eb17-4e50-a40b-f683e489c19a","landlord267","$2b$10$PmCf7fvUUGIMeAZ24vnk4u37GD8NPH59f3JVCkmQhEiIqqBd42LHq","landlord267@example.com","Landlord","Samanta","Deckow","834-860-9114 x1566","461 Percy Harbors",NULL,True,"2025-07-01 10:55:15.082+01","2025-07-01 10:55:15.082+01"
"6c28a1fd-4739-4458-a07c-58185215dde6","landlord268","$2b$10$PYIB4E1J1Me5JgK2EhHPfu5AVw0MU5jVdl464eIUB24VbZ1B0LU3q","landlord268@example.com","Landlord","Arnulfo","Lueilwitz","824.370.7305","1021 Quinton Station",NULL,True,"2025-07-01 10:55:15.153+01","2025-07-01 10:55:15.153+01"
"29824345-4be1-487d-9edb-a44b3e876b8a","landlord269","$2b$10$w0pV18N1gIHKmCf4/N.B6OPOPYaKwPl9ZkDCBpTfbDwgsZWiA56w.","landlord269@example.com","Landlord","Destany","Gaylord","1-838-307-2574","1991 Mayer Harbor",NULL,True,"2025-07-01 10:55:15.222+01","2025-07-01 10:55:15.222+01"
"1db85f9e-e579-42b8-b26e-2fb78b0ba3b2","landlord270","$2b$10$l5AZKADS2IqjmOzdy/OlHeHFreavOdUg.K/Ac0zRvFyFI7w87y8a.","landlord270@example.com","Landlord","Adela","Bashirian","1-988-736-7179","6447 Witting Grove",NULL,True,"2025-07-01 10:55:15.289+01","2025-07-01 10:55:15.289+01"
"893366a3-18db-4d7d-9077-93d5b44421b9","landlord271","$2b$10$68Zz/Ba4/WTY.3DaY7KHieCdugUQGyb4MBptG/ZzEiUqaT46h/zju","landlord271@example.com","Landlord","Abner","Kuhic","(750) 480-7358 x89311","7239 Frami Square",NULL,True,"2025-07-01 10:55:15.358+01","2025-07-01 10:55:15.358+01"
"e68347f1-afa3-453f-9029-e9bb9a827127","landlord272","$2b$10$TvGzzcDwV.K4A6GZTEpMCuOR0YW2EpJlHliav6ETt7IrSeyE9ur3S","landlord272@example.com","Landlord","Ashley","Lebsack","1-476-737-8539 x243","11753 Alexander Ferry",NULL,True,"2025-07-01 10:55:15.428+01","2025-07-01 10:55:15.428+01"
"a00fbf0c-7cd6-4af8-9eb9-4bae64ee1d70","landlord273","$2b$10$YKZnAeTWPtY6b/X6Te8UBOCF8PiSHH4IdX/Yi62jyXUPTD9lnQHp6","landlord273@example.com","Landlord","Betty","Corwin","513-426-8211","279 Leffler Tunnel",NULL,True,"2025-07-01 10:55:15.496+01","2025-07-01 10:55:15.496+01"
"4604b323-3b7c-461b-a4ed-44e8a1529e3a","landlord274","$2b$10$B46OMcWeX0aHqNFj7a2uCeULlosHgpWN75YxTY60cgzg6OXRw2pJu","landlord274@example.com","Landlord","Deangelo","Hermiston","492-231-9160","920 Connie Crescent",NULL,True,"2025-07-01 10:55:15.563+01","2025-07-01 10:55:15.563+01"
"c2067f97-f4b8-4b44-8782-62dc8ce2e32f","landlord275","$2b$10$KZKTRqwtqAaP7kJnOYnnoefHPrl4sg.1SRHxrThqjNiiGgRXzvtVy","landlord275@example.com","Landlord","Raina","Kutch","983-480-0921 x2463","9889 Gibson Pass",NULL,True,"2025-07-01 10:55:15.63+01","2025-07-01 10:55:15.63+01"
"81ed10be-fa31-4bf9-8f74-bf216ad88d7f","landlord276","$2b$10$Hdsb5HKi8oKWA4LESlaEmeN2zw007Ll8h2tLeF0lzLkkl9kIZ7Yey","landlord276@example.com","Landlord","Jaydon","O'Reilly","1-552-235-4808 x6758","06592 Vidal Station",NULL,True,"2025-07-01 10:55:15.696+01","2025-07-01 10:55:15.696+01"
"d3b03c81-270a-4dfd-8e67-653054fe2e81","landlord277","$2b$10$f6H.wNHSRb6bcOTaHnIHteJ4DN6URkRbmyRjxExNIdkj3T1S5uKVK","landlord277@example.com","Landlord","Domenic","Maggio","1-395-977-7049 x18001","1150 Claire Villages",NULL,True,"2025-07-01 10:55:15.76+01","2025-07-01 10:55:15.76+01"
"8f777986-a74b-4346-b7bc-c78590980e94","landlord278","$2b$10$zoHAZI/u6JVnG5396BzM9.nPOOVGM.U/FUMrFgM.Wcp1lbI2pfUSW","landlord278@example.com","Landlord","Elian","Macejkovic","1-417-602-5431 x4433","78246 Gabriella Islands",NULL,True,"2025-07-01 10:55:15.827+01","2025-07-01 10:55:15.827+01"
"aae4177c-39f8-4e16-b56d-8073ae34698f","landlord279","$2b$10$6bmkEx3t5hs7INYeKmOySe/G7jfotT0xl7IlpODI9XmU8WBpCzmXe","landlord279@example.com","Landlord","Ruben","Bernier","665-883-6809 x189","60313 Kiehn Ramp",NULL,True,"2025-07-01 10:55:15.894+01","2025-07-01 10:55:15.894+01"
"8fb85462-a718-4916-9ed4-e3bc169768db","landlord280","$2b$10$OgQaQhNW.5mCeYHqmGHtTewy6YHfrk/TKq9.znVxgxN/yw4.c.Nlu","landlord280@example.com","Landlord","Cheyanne","Gerlach","1-232-252-1411 x274","445 Albert Ville",NULL,True,"2025-07-01 10:55:15.962+01","2025-07-01 10:55:15.962+01"
"f98f5fa1-757d-4944-b2f4-185fc5e5c280","landlord281","$2b$10$rXjbt8cwAwMS/yYm/MMZs.3NO1FibsX6ctpdkmRsisiulMvIbWRHa","landlord281@example.com","Landlord","Roxanne","Johns","(273) 689-3371 x95035","63097 Theresa Pine",NULL,True,"2025-07-01 10:55:16.028+01","2025-07-01 10:55:16.028+01"
"96f5ac79-ab17-464f-b467-beb55d923857","landlord282","$2b$10$5K0sL8xZZNWUURfd9sSdwe0mUKKYKPkj9VV/ZM/DEBNNfTgSJLOy.","landlord282@example.com","Landlord","Heber","Kuhlman","1-215-839-8928","897 Monserrate Plaza",NULL,True,"2025-07-01 10:55:16.094+01","2025-07-01 10:55:16.094+01"
"b9171fd8-424b-467a-86a2-f54fd5b22252","landlord283","$2b$10$QCxFYIxe0ZjGTUzHo4iXru5qXBjBS5PO16lZoEgFAHDtenoJyobte","landlord283@example.com","Landlord","Terry","Bogisich","1-423-410-7828 x8273","841 Hayes Mount",NULL,True,"2025-07-01 10:55:16.164+01","2025-07-01 10:55:16.164+01"
"0a9b4338-ad00-42a9-8a59-2dc7c1f6e3ad","landlord284","$2b$10$Hxxn4lpaE8RZcnjucHJ0keezozp7NPoV6rzuMB5yeNleLPSjwcohe","landlord284@example.com","Landlord","Princess","Franecki","300.217.9497 x33048","9627 Nader Fork",NULL,True,"2025-07-01 10:55:16.233+01","2025-07-01 10:55:16.233+01"
"83f4ab8e-f7a2-471e-8f65-d4e71025ca3c","landlord285","$2b$10$vHEqBa0MQ1jwHMeXlnDa/uzmJNBZHYobJhw2SyWYOI8jAqdV11yxu","landlord285@example.com","Landlord","Holden","Hane","(444) 924-7338 x1670","7313 Hahn Lodge",NULL,True,"2025-07-01 10:55:16.311+01","2025-07-01 10:55:16.311+01"
"52aefb75-9507-4233-8649-3e486862a417","landlord286","$2b$10$Rtn9BVp2gMr54CTtczF6degBJsmsVtz1cqdCVi10YEwUI6h8R7Uem","landlord286@example.com","Landlord","Lucious","Brown","1-782-695-3313 x8844","4069 Landen Unions",NULL,True,"2025-07-01 10:55:16.381+01","2025-07-01 10:55:16.381+01"
"a7c6f293-de9b-4fc4-aeb9-32e785c7055b","landlord287","$2b$10$AbjCg.qQ/uGQHlVwlmlUqenSgnlhs790kC1NxqC6DOjR6BGo2GDFq","landlord287@example.com","Landlord","Madisen","Dare","1-469-243-3999 x62866","9815 Gulgowski Parks",NULL,True,"2025-07-01 10:55:16.451+01","2025-07-01 10:55:16.451+01"
"d1616254-a2a0-4d51-8e61-172ab4c86a06","landlord288","$2b$10$KmhwCjqywvYVG0HN3pIY4eXk0yJ1R0dwfCLj376hKl4DTQXxpmQSG","landlord288@example.com","Landlord","Jadyn","MacGyver","1-897-868-9993 x878","6130 Veronica Manors",NULL,True,"2025-07-01 10:55:16.518+01","2025-07-01 10:55:16.518+01"
"82268763-8bdd-40ec-b7b3-4bb96a673498","landlord289","$2b$10$fqm2JzISrI3vw.AJvR1JguA9pZ1U.RevG2M9eNlJDGmSUEtM4VtYq","landlord289@example.com","Landlord","Rusty","Hintz","1-874-690-4382 x1910","25317 Abel Street",NULL,True,"2025-07-01 10:55:16.592+01","2025-07-01 10:55:16.592+01"
"e5265e1a-b793-4ede-bbc8-bc57503f4e02","landlord290","$2b$10$kG4PXFBq5whLiKOUXKBBNOm8umIku5D82rLAXS2uSoFgTAGcPZIsS","landlord290@example.com","Landlord","Darren","Bins","(425) 280-4224 x45565","90830 Kuphal Cliff",NULL,True,"2025-07-01 10:55:16.668+01","2025-07-01 10:55:16.668+01"
"b2b04c45-4640-40cb-b6e6-7c980c19741a","landlord291","$2b$10$Oyhq5jmV.GAf05DKjHSmCejIYJXRNljjv08jTOydalAong2jYB.Fi","landlord291@example.com","Landlord","Turner","Casper","863.967.9590","45826 Samir Fort",NULL,True,"2025-07-01 10:55:16.738+01","2025-07-01 10:55:16.738+01"
"6c05a692-132d-4279-bacb-fd264c7fc5f7","landlord292","$2b$10$9lleUvA3BsvigRrxMqTfGOrWSEMsV1RPmyMOWJXU5T9fr5V341SCG","landlord292@example.com","Landlord","Lauretta","Roob","(344) 243-4991 x5207","51946 Bartoletti Centers",NULL,True,"2025-07-01 10:55:16.828+01","2025-07-01 10:55:16.828+01"
"b8ca8536-6eef-4b58-9eae-633ba4a55dce","landlord293","$2b$10$XGPQNGlEz13ZD./EX1WROeTPdlP9qdrhEhIjr/QehD.WLI.IC4hQy","landlord293@example.com","Landlord","Ernestine","Bosco","579-459-0239 x68993","95741 O'Hara Points",NULL,True,"2025-07-01 10:55:16.908+01","2025-07-01 10:55:16.908+01"
"634828e2-f7db-4a4f-bc8e-56f4c90893d1","landlord294","$2b$10$uitbolDe6Ee1OLa/xScrT.iGhiRdPCk/7NNZt0Y2QsxqxdXz2Jfua","landlord294@example.com","Landlord","Melyna","Kerluke","505-797-0574 x9216","6718 Runte Junction",NULL,True,"2025-07-01 10:55:16.994+01","2025-07-01 10:55:16.994+01"
"72126153-7343-4eaa-bf10-f8b2c98d71b3","landlord295","$2b$10$ZVTkEZ9HG.HGPJDriR2WBu7tmYpQYACZ8vtdUJrThSAoSOXUSqRaK","landlord295@example.com","Landlord","Velva","Jenkins","321-624-8454 x650","7748 Chasity Rapid",NULL,True,"2025-07-01 10:55:17.075+01","2025-07-01 10:55:17.075+01"
"b0dc2d29-feac-446d-960b-3a3c258448ef","landlord296","$2b$10$9xZjoI.MFqqPoA1Sak7EdeYiDUGnFSD8FC5KWjXNbnfFJdCHea3Da","landlord296@example.com","Landlord","Timmothy","Konopelski","1-819-358-6780 x7942","40458 Rocky Junctions",NULL,True,"2025-07-01 10:55:17.15+01","2025-07-01 10:55:17.15+01"
"da8ef0e9-19a8-4c42-872a-a6b3044b2a58","landlord297","$2b$10$DdGlwEAl74WYbfFRmqy9BOl6eUVxUIaGSxGG33gUedCEZtfCboG8q","landlord297@example.com","Landlord","Sienna","Boyer","1-749-420-7054 x8791","756 Schuppe Parkways",NULL,True,"2025-07-01 10:55:17.225+01","2025-07-01 10:55:17.225+01"
"d88b2f0e-62ba-4332-a22e-4678821218a6","landlord298","$2b$10$HYAiD9WbzDjLvrz.kEFeYuPhyd.ucISjTEK/8/0sh72n8r7xqcRrq","landlord298@example.com","Landlord","Maria","King","1-459-936-8274 x233","92824 Felipa Turnpike",NULL,True,"2025-07-01 10:55:17.3+01","2025-07-01 10:55:17.3+01"
"1a159da8-d92c-45c6-ab38-eb98721cac7c","landlord299","$2b$10$443K9qqlpghp0l3L3zPaguIoBUxKVdLzyG0N/uwjck0xJZUWUqLxe","landlord299@example.com","Landlord","Romaine","Gleason","1-270-828-9256 x961","15379 Lakin Branch",NULL,True,"2025-07-01 10:55:17.371+01","2025-07-01 10:55:17.371+01"
"117515ac-c66a-4583-9247-1ac3b746d7be","sysadmin","$2b$10$GWSMObKOGJst3poQ/uLhfu996i9hYEPSfbxrgF3F1lkebTOhMnX1u","admin@landreg.com","Admin","System","Admin",NULL,NULL,NULL,True,"2025-07-01 11:01:26.938+01","2025-07-01 11:01:26.938+01"
